12.5691,-2.56561,26
15.4053,-2.60029,32
28.485,-1.35557,58
21.5856,-2.32978,44
29.5566,-1.29966,60
28.485,-1.35557,58
14.9417,-2.61687,31
19.5057,-2.49731,40
21.5856,-2.32978,44
21.5856,-2.32978,44
21.5856,-2.32978,44
21.5856,-2.32978,44
11.1609,-2.57987,23
19.1051,-2.24925,39
11.5742,-2.57394,24
21.5856,-2.32978,44
24.216,-1.81075,49
40.6326,-0.670087,82
1.24841,-0.0455312,3
0.804927,0.000525487,2
1.24841,-0.0455312,3
9.86918,-2.57822,21
2.18688,-0.188024,5
2.68716,-0.262838,6
3.42927,-0.6872,8
3.42927,-0.6872,8
3.42927,-0.6872,8
4.12269,-0.843677,9
5.11047,-1.03321,11
5.6424,-1.40378,12
6.00268,-1.42417,13
6.00268,-1.42417,13
6.81377,-1.84927,15
6.81377,-1.84927,15
7.63951,-1.99986,16
8.47176,-2.42052,18
9.43944,-2.55074,20
9.43944,-2.55074,20
9.86918,-2.57822,21
9.86918,-2.57822,21
10.622,-2.58331,22
11.1609,-2.57987,23
11.9101,-2.57317,25
11.9101,-2.57317,25
12.5691,-2.56561,26
12.838,-2.56808,27
13.4755,-2.58264,28
14.5095,-2.61558,30
14.5095,-2.61558,30
14.9417,-2.61687,31
15.4053,-2.60029,32
16.03,-2.56795,33
16.4246,-2.55842,34
17.1226,-2.5025,35
17.2808,-2.2593,36
17.9311,-2.4748,37
17.9311,-2.4748,37
19.1051,-2.24925,39
19.5057,-2.49731,40
19.1051,-2.24925,39
20.5235,-2.45862,42
21.2142,-2.37325,43
21.5856,-2.32978,44
22.1807,-2.00445,45
41.7731,-0.673309,84
40.6326,-0.670087,82
40.1461,-0.671144,81
26.0144,-1.43898,53
26.0144,-1.43898,53
26.0144,-1.43898,53
26.0144,-1.43898,53
26.3378,-1.43578,54
26.3378,-1.43578,54
27.0064,-1.42794,55
27.4359,-1.40604,56
11.9101,-2.57317,25
12.5691,-2.56561,26
11.9101,-2.57317,25
30.8737,-1.23804,63
31.5442,-1.22284,64
31.5442,-1.22284,64
30.8737,-1.23804,63
32.1358,-1.21854,65
31.5442,-1.22284,64
32.5772,-1.21515,66
33.1727,-0.962921,67
34.1974,-1.21243,69
34.1974,-1.21243,69
34.1974,-1.21243,69
35.1676,-1.1926,71
35.1676,-1.1926,71
35.4949,-1.1803,72
22.612,-1.94992,46
21.5856,-2.32978,44
21.5856,-2.32978,44
22.1807,-2.00445,45
39.6,-0.678391,80
39.6,-0.678391,80
39.6,-0.678391,80
40.1461,-0.671144,81
40.6326,-0.670087,82
41.304,-0.671351,83
41.7731,-0.673309,84
42.3748,-0.674392,85
42.964,-0.6778,86
43.5881,-0.680454,87
43.8875,-0.681088,88
44.9181,-0.688385,90
44.399,-0.682445,89
45.9148,-0.705218,92
45.9148,-0.705218,92
46.3512,-0.712822,93
46.8889,-0.720169,94
51.411,-0.863201,103
51.411,-0.863201,103
51.411,-0.863201,103
51.411,-0.863201,103
51.411,-0.863201,103
51.0011,-0.810314,102
50.4834,-0.781071,101
51.0011,-0.810314,102
51.411,-0.863201,103
51.9546,-1.18695,104
52.3203,-1.24542,105
52.8958,-1.35506,106
53.2784,-1.67691,107
53.2784,-1.67691,107
54.1759,-2.13969,109
54.9249,-2.18544,110
54.9249,-2.18544,110
55.5868,-2.92394,112
55.9904,-3.08557,113
56.152,-3.48713,114
56.7181,-3.81162,115
56.9286,-4.19054,116
57.9388,-5.34845,119
57.9388,-5.34845,119
57.9388,-5.34845,119
58.0468,-5.72302,120
58.7399,-6.50068,122
58.0468,-5.72302,120
59.2402,-7.3262,124
59.2402,-7.3262,124
59.4327,-7.56512,125
59.722,-8.16196,126
60.2373,-9.00506,128
60.2373,-9.00506,128
60.6024,-10.004,130
60.6024,-10.004,130
60.3629,-10.3688,131
60.71,-10.9315,132
61.3759,-12.387,135
61.2491,-11.8082,134
61.3759,-12.387,135
61.4448,-12.7269,136
61.6062,-13.2678,137
62.0819,-14.6705,140
62.0819,-14.6705,140
62.0819,-14.6705,140
62.3745,-15.6228,142
62.7606,-16.0684,143
62.7606,-16.0684,143
62.9036,-17.0729,145
63.3466,-17.6593,146
63.4601,-18.0843,147
63.339,-18.5428,148
63.7248,-19.0739,149
63.7248,-19.0739,149
64.2438,-19.855,151
64.6679,-20.4021,152
64.5732,-20.6171,153
64.7375,-20.7554,154
64.9247,-20.862,155
65.2053,-20.9677,156
65.289,-20.9645,157
65.289,-20.9645,157
65.784,-21.006,158
66.9215,-21.0701,160
67.6604,-21.0998,162
68.1454,-21.1223,163
68.6609,-21.1564,164
68.6609,-21.1564,164
70.0541,-21.2323,167
70.7536,-21.2735,168
70.0541,-21.2323,167
70.9712,-21.2808,169
71.5716,-21.302,170
71.5716,-21.302,170
72.0045,-21.3093,171
72.386,-21.3112,172
73.4386,-21.2946,174
73.9481,-21.2881,175
74.5712,-21.2862,176
74.5712,-21.2862,176
74.9076,-21.2848,177
75.4776,-21.2829,178
76.3056,-21.285,180
77.2819,-21.3025,182
77.2819,-21.3025,182
77.2819,-21.3025,182
77.7732,-21.5927,183
78.2753,-21.6427,184
78.2753,-21.6427,184
78.609,-21.6812,185
79.5102,-22.0022,186
79.7277,-22.2969,187
80.4555,-22.9429,189
80.5294,-23.3013,190
80.8934,-23.5249,191
80.8934,-23.5249,191
81.1604,-23.8551,192
81.3412,-23.9416,193
83.3895,-24.5739,197
83.3895,-24.5739,197
83.779,-24.6168,198
83.779,-24.6168,198
84.5346,-24.6837,199
84.9228,-24.4527,200
85.3626,-24.4605,201
85.9617,-24.7228,202
86.3828,-24.4879,203
86.8709,-24.4484,204
87.1787,-24.3813,205
87.1223,-24.4489,206
87.2938,-24.3742,207
87.5695,-23.8421,209
87.6248,-23.4232,210
87.6579,-22.9233,211
87.6579,-22.9233,211
87.9966,-21.8346,213
87.9966,-21.8346,213
87.9207,-21.5803,214
87.7481,-21.0367,215
87.8349,-19.9759,217
87.7343,-19.395,218
87.8329,-18.8679,219
87.8329,-18.8679,219
87.719,-17.8969,221
87.9234,-17.4217,222
87.9234,-17.4217,222
87.8953,-16.8717,223
87.8024,-15.7747,225
88.0446,-15.2441,226
87.969,-14.8964,227
87.9734,-14.3981,228
87.9734,-14.3981,228
87.8372,-13.7419,229
87.9088,-12.6444,231
88.1115,-12.0465,232
87.9088,-12.6444,231
88.051,-11.1873,234
87.97,-10.1404,236
88.051,-10.6795,235
88.2034,-9.59734,237
88.132,-9.16423,238
88.132,-9.16423,238
87.9762,-7.72553,241
88.0356,-8.27971,240
87.9762,-7.72553,241
87.9762,-7.72553,241
88.0888,-6.31665,244
88.0878,-4.62417,247
88.0888,-6.31665,244
88.1104,-5.20823,246
87.9182,-4.33637,248
87.9182,-4.33637,248
87.7594,-4.04153,250
87.6455,-3.82846,251
87.6455,-3.82846,251
87.2647,-3.72405,252
86.9684,-3.5264,253
86.6064,-3.36379,254
85.4741,-3.3997,256
85.4741,-3.3997,256
84.9105,-3.39498,257
84.6289,-3.15142,258
83.9499,-3.40754,259
83.9499,-3.40754,259
82.952,-3.46548,261
82.6593,-3.48141,262
82.952,-3.46548,261
82.6593,-3.48141,262
81.4311,-3.22007,264
80.6033,-3.20906,266
80.2585,-3.46378,267
80.2585,-3.46378,267
79.0108,-3.24421,269
78.6512,-3.26093,270
78.0225,-3.2874,271
78.0225,-3.2874,271
76.9946,-3.34593,273
76.9946,-3.34593,273
76.1993,-3.38349,275
74.4582,-3.46905,278
74.1823,-3.54571,279
74.1823,-3.54571,279
73.5817,-3.76158,280
73.5817,-3.76158,280
72.5844,-4.00465,282
73.0666,-3.98172,281
72.5844,-4.00465,282
70.9675,-4.94755,286
71.082,-4.73599,285
70.9675,-4.94755,286
69.9066,-5.52494,288
69.9066,-5.52494,288
69.3434,-5.75277,289
69.1112,-6.00125,290
68.8787,-6.24501,291
68.1471,-6.48067,292
67.8309,-6.76893,293
67.448,-7.15412,294
66.7868,-7.42409,295
66.7868,-7.42409,295
66.6857,-7.6589,296
65.5582,-8.45004,298
65.1923,-9.06869,300
65.1923,-9.06869,300
64.7856,-9.39428,301
64.1408,-9.99561,303
64.7856,-9.39428,301
63.6394,-10.3546,304
63.3773,-10.7379,305
63.3773,-10.7379,305
62.9007,-11.0754,306
62.3742,-11.6306,308
61.6927,-12.3769,310
61.6927,-12.3769,310
60.6911,-12.8162,312
60.6911,-12.8162,312
59.7734,-13.4116,314
59.7734,-13.4116,314
59.446,-13.6207,315
58.8357,-13.6464,316
58.5009,-13.8239,317
57.9703,-14.0887,318
57.6564,-14.2598,319
57.2394,-14.497,320
56.747,-14.472,321
56.2458,-14.7433,322
55.9709,-14.9543,323
54.8968,-15.3,325
54.0855,-15.3538,326
54.0855,-15.3538,326
53.9283,-15.4766,327
53.4473,-15.6286,328
53.4473,-15.6286,328
52.4041,-15.7572,330
51.7957,-15.7449,331
51.3064,-15.7245,332
51.3064,-15.7245,332
43.2905,-16.4415,349
43.2905,-16.4415,349
43.2905,-16.4415,349
43.5171,-16.4745,348
43.2905,-16.4415,349
42.6674,-16.4108,350
47.5899,-15.9954,340
46.8207,-16.0275,341
46.8207,-16.0275,341
46.8207,-16.0275,341
46.8207,-16.0275,341
44.8334,-16.4562,345
44.8334,-16.4562,345
40.5306,-16.4963,354
40.5306,-16.4963,354
41.6885,-16.4461,352
41.6885,-16.4461,352
43.5171,-16.4745,348
43.2905,-16.4415,349
40.5306,-16.4963,354
43.5171,-16.4745,348
40.5306,-16.4963,354
38.913,-16.5932,358
38.913,-16.5932,358
38.913,-16.5932,358
38.913,-16.5932,358
38.2772,-16.6256,359
38.913,-16.5932,358
35.181,-16.7169,366
35.181,-16.7169,366
35.181,-16.7169,366
35.1375,-16.7915,367
35.0685,-16.923,368
34.9001,-17.2285,369
34.9001,-17.2285,369
34.2716,-18.5925,372
33.9165,-19.4175,374
33.9165,-19.4175,374
33.9753,-19.938,375
33.4481,-21.2596,378
33.1635,-21.7815,379
33.1635,-21.7815,379
33.028,-22.1239,380
32.9326,-22.6295,381
32.5359,-23.1656,382
32.6013,-23.2007,383
32.3388,-23.2445,384
31.9103,-23.6103,385
31.2461,-23.6482,386
30.8609,-23.7851,387
30.5272,-23.8784,388
29.9704,-23.9556,389
28.7187,-23.6608,391
28.7187,-23.6608,391
28.4703,-23.6367,392
27.9092,-23.8475,393
27.5133,-23.8223,394
26.7608,-23.7692,395
26.3206,-23.7005,396
25.9277,-23.6428,397
25.2913,-23.5295,398
24.9524,-23.4591,399
24.5031,-23.3784,400
24.2024,-23.3291,401
23.3661,-23.2261,403
22.7869,-23.1603,404
21.5122,-23.0757,406
22.1794,-23.3543,405
21.2609,-23.0572,407
21.2609,-23.0572,407
20.872,-23.3019,408
20.2216,-23.2969,409
18.9783,-23.278,411
18.6823,-23.2921,412
17.9863,-23.1013,413
17.6545,-23.3838,414
16.5541,-23.2082,416
15.9998,-23.2427,417
15.9998,-23.2427,417
15.6366,-23.2678,418
15.6366,-23.2678,418
14.9462,-23.3016,419
13.9084,-23.3513,421
14.5051,-23.3235,420
12.9516,-23.3934,423
12.6826,-23.4089,424
12.6826,-23.4089,424
11.7287,-23.4514,426
11.7287,-23.4514,426
10.7461,-23.4753,428
10.7461,-23.4753,428
10.1513,-23.4532,429
9.19893,-23.396,431
9.19893,-23.396,431
7.99193,-23.3853,433
7.65469,-23.4568,434
7.17307,-23.6884,435
6.83892,-23.9324,436
6.58676,-24.1896,437
5.87725,-24.5073,438
5.72402,-24.8559,439
4.98145,-25.484,441
4.91572,-25.9313,442
4.5562,-26.546,443
4.29217,-26.8727,444
4.29217,-26.8727,444
4.12552,-27.7793,446
4.12552,-27.7793,446
3.36271,-28.7683,448
3.06574,-29.5798,450
3.06574,-29.5798,450
2.6557,-30.2571,452
2.6557,-30.2571,452
2.6557,-30.2571,452
2.13155,-30.67,453
1.32397,-31.3202,455
0.768233,-31.4738,456
0.333664,-31.8084,457
-0.246211,-31.8159,458
-0.508144,-31.9486,459
-1.02109,-32.1051,460
-1.55141,-32.1909,461
-2.13834,-31.941,462
-2.62052,-31.9123,463
-3.25602,-31.8996,464
-3.75115,-31.9243,465
-4.23494,-32.2002,466
-4.72161,-31.9711,467
-5.20127,-32.2221,468
-5.70236,-32.2098,469
-6.06993,-32.1776,470
-6.06993,-32.1776,470
-7.44239,-32.0653,472
-7.7051,-32.0384,473
-8.20169,-31.9971,474
-8.69604,-31.9591,475
-8.69604,-31.9591,475
-9.25646,-31.9143,476
-9.88074,-31.8702,477
-10.1953,-31.845,478
-10.7549,-31.8086,479
-11.4272,-31.7743,480
-12.0984,-31.7666,482
-12.7917,-31.7704,483
-13.4015,-31.7792,484
-13.4015,-31.7792,484
-14.3182,-31.7883,486
-14.9134,-31.7877,487
-14.3182,-31.7883,486
-15.883,-31.7448,489
-16.3766,-31.7251,490
-16.3766,-31.7251,490
-17.0187,-31.6941,491
-17.2553,-31.6739,492
-17.9819,-31.6332,493
-18.3971,-31.6073,494
-18.915,-31.586,495
-19.9042,-31.5797,497
-20.4712,-31.5808,498
-20.7457,-31.5829,499
-20.7457,-31.5829,499
-21.3752,-31.5883,500
-22.4033,-31.597,502
-22.6725,-31.5913,503
-22.6725,-31.5913,503
-23.7446,-31.6057,505
-23.7446,-31.6057,505
-24.3209,-31.6219,506
-24.955,-31.6112,507
-25.3053,-31.6498,508
-26.3313,-32.0352,510
-26.3313,-32.0352,510
-26.7951,-31.9711,511
-27.2383,-32.2209,512
-27.5241,-32.4512,513
-28.9485,-33.2138,516
-29.5481,-33.3042,517
-29.9801,-33.5127,518
-29.5481,-33.3042,517
-29.9801,-33.5127,518
-30.3656,-33.7036,519
-31.0259,-34.002,520
-31.2386,-34.1766,521
-31.7839,-34.2095,522
-32.3056,-34.7304,523
-32.6631,-34.6843,524
-33.9326,-35.1522,527
-33.9326,-35.1522,527
-33.9326,-35.1522,527
-34.6702,-35.4875,528
-34.9326,-35.6859,529
-35.9855,-35.9134,531
-35.9855,-35.9134,531
-36.7643,-36.3208,533
-36.7643,-36.3208,533
-37.3156,-36.6235,534
-38.5065,-37.0034,536
-38.5065,-37.0034,536
-39.0928,-37.3916,538
-39.8948,-37.3959,539
-39.8948,-37.3959,539
-41.3771,-37.64,542
-40.6854,-37.5635,541
-41.8164,-37.6989,543
-41.8164,-37.6989,543
-42.9454,-37.5767,545
-43.2286,-37.8704,546
-43.2286,-37.8704,546
-44.4263,-37.7649,548
-44.4263,-37.7649,548
-45.3464,-38.192,550
-45.8726,-38.0451,551
-46.292,-38.1141,552
-46.6526,-38.1642,553
-47.2539,-38.2039,554
-47.6005,-38.1979,555
-48.1542,-38.1682,556
-48.7122,-38.1416,557
-49.2536,-38.1164,558
-49.2536,-38.1164,558
-50.3107,-38.0691,560
-49.2536,-38.1164,558
-51.1667,-38.0343,562
-51.1667,-38.0343,562
-51.6944,-38.2805,563
-52.2275,-38.3006,564
-52.8214,-38.0612,565
-53.409,-38.274,566
-54.2348,-37.9442,568
-54.9176,-38.1776,569
-55.2619,-38.1874,570
-55.8512,-38.1878,571
-55.8512,-38.1878,571
-56.2666,-37.9336,572
-56.8607,-37.9372,573
-57.1939,-38.2002,574
-57.5348,-37.964,575
-58.0988,-37.9901,576
-58.6503,-38.2654,577
-59.4957,-38.0315,579
-59.4957,-38.0315,579
-60.1603,-38.0237,580
-60.4601,-38.0224,581
-61.1179,-38.2704,582
-62.034,-37.9432,584
-62.3367,-37.9224,585
-63.0013,-38.153,586
-63.0013,-38.153,586
-64.4472,-38.1173,589
-64.4472,-38.1173,589
-65.1049,-38.159,590
-65.5123,-38.169,591
-65.822,-38.133,592
-80.7154,-38.0759,621
-66.9383,-38.0718,594
-67.3656,-38.0672,595
-67.9711,-38.0643,596
-68.4727,-38.0657,597
-68.8402,-38.0678,598
-69.5458,-38.0747,599
-70.1076,-38.0839,600
-70.431,-38.0916,601
-71.0406,-38.106,602
-71.3508,-38.117,603
-72.4978,-38.1339,605
-72.8257,-38.1353,606
-72.8257,-38.1353,606
-73.5356,-38.1369,607
-74.1498,-38.1355,608
-76.0766,-38.129,612
-75.4359,-38.1336,611
-75.4359,-38.1336,611
-76.0766,-38.129,612
-76.3187,-38.1262,613
-77.0601,-38.1249,614
-78.0267,-38.1157,616
-78.0267,-38.1157,616
-79.1131,-38.1028,618
-79.1131,-38.1028,618
-79.529,-38.0962,619
-80.0895,-38.0868,620
-80.7154,-38.0759,621
-81.0352,-38.0693,622
-81.7893,-38.0592,623
-82.2949,-38.051,624
-82.7863,-38.043,625
-83.3875,-38.0375,626
-83.8179,-38.0375,627
-84.1294,-38.0408,628
-84.7542,-38.0496,629
-85.3058,-38.0603,630
-85.8589,-38.0736,631
-86.1657,-38.0823,632
-86.9142,-38.1084,633
-87.4634,-38.1335,634
-87.7536,-38.1511,635
-89.8336,-38.1288,639
-88.7646,-38.146,637
-89.0085,-38.1422,638
-89.8336,-38.1288,639
-90.4472,-38.1178,640
-91.8157,-38.0917,643
-91.8157,-38.0917,643
-91.8157,-38.0917,643
-92.3109,-38.0801,644
-92.8646,-38.0641,645
-93.3502,-38.0542,646
-93.9053,-38.0566,647
-94.6481,-38.0682,649
-94.6481,-38.0682,649
-95.5314,-38.0829,650
-95.8946,-38.0918,651
-96.4442,-38.107,652
-96.8764,-38.1198,653
-97.4178,-38.1364,654
-97.9023,-38.1401,655
-98.3941,-38.1386,656
-99.0135,-38.1157,657
-99.4472,-38.0849,658
-99.9539,-38.0577,659
-100.306,-38.0243,660
-100.967,-37.972,661
-101.575,-38.1903,662
-101.926,-38.2018,663
-103.067,-38.2131,665
-103.393,-38.2019,666
-104.069,-38.1725,667
-104.469,-37.9055,668
-105.062,-37.8868,669
-105.062,-37.8868,669
-106.961,-38.207,673
-106.961,-38.207,673
-106.361,-38.1522,672
-106.961,-38.207,673
-108.105,-38.0205,675
-108.358,-38.0273,676
-108.773,-38.0323,677
-109.376,-38.2788,678
-110.201,-38.2369,680
-110.201,-38.2369,680
-110.714,-38.1892,681
-111.332,-38.1325,682
-111.832,-38.0995,683
-112.375,-38.0886,684
-113.49,-38.1195,686
-113.49,-38.1195,686
-113.854,-38.1335,687
-114.43,-38.1562,688
-115.386,-38.1792,690
-115.386,-38.1792,690
-115.813,-38.1793,691
-116.442,-38.1566,692
-117.051,-38.1366,693
-117.051,-38.1366,693
-118.006,-38.126,695
-118.639,-38.1195,696
-118.895,-38.1174,697
-119.206,-38.1155,698
-120.824,-38.1232,701
-120.431,-37.8687,700
-120.431,-37.8687,700
-120.431,-37.8687,700
-123.239,-38.0502,706
-121.795,-38.1436,703
-121.795,-38.1436,703
-122.858,-38.0726,705
-123.239,-38.0502,706
-123.527,-38.0335,707
-124.47,-38.0301,708
-124.777,-38.0343,709
-125.442,-38.0479,710
-125.873,-38.0614,711
-125.873,-38.0614,711
-126.75,-38.0905,713
-126.415,-38.08,712
-127.801,-38.1303,715
-128.074,-38.1374,716
-128.722,-38.1199,717
-129.28,-38.1043,718
-129.885,-38.0854,719
-130.202,-38.0725,720
-130.549,-38.0579,721
-131.114,-38.0325,722
-131.424,-38.0157,723
-132.069,-37.9889,724
-132.649,-37.9869,725
-133.034,-37.996,726
-133.034,-37.996,726
-134.209,-38.0292,728
-135.195,-38.065,730
-135.195,-38.065,730
-136.141,-38.0686,732
-136.408,-38.0662,733
-136.141,-38.0686,732
-137.037,-37.8084,734
-137.397,-38.0585,735
-137.964,-38.0667,736
-139.742,-38.1502,740
-139.742,-38.1502,740
-139.387,-38.149,739
-139.387,-38.149,739
-139.742,-38.1502,740
-139.742,-38.1502,740
-139.742,-38.1502,740
-140.899,-38.0586,742
-140.899,-38.0586,742
-140.41,-38.1058,741
-144.069,-37.9092,748
-144.069,-37.9092,748
-144.878,-37.8924,750
-144.878,-37.8924,750
-145.382,-37.8858,751
-145.951,-37.8767,752
-146.263,-37.8705,753
-146.961,-37.8626,754
-147.397,-37.8572,755
-147.834,-37.8526,756
-148.206,-37.8489,757
-148.955,-37.8476,758
-149.964,-37.851,760
-149.964,-37.851,760
-150.462,-37.8538,761
-151.164,-37.8585,762
-151.164,-37.8585,762
-151.912,-37.8657,764
-152.418,-37.8703,765
-153.027,-37.8794,766
-153.475,-37.8903,767
-153.772,-37.9001,768
-154.514,-37.9074,769
-154.954,-37.9096,770
-156.022,-37.9229,772
-155.717,-37.9185,771
-156.623,-37.9101,773
-156.972,-37.894,774
-158.147,-37.85,776
-158.147,-37.85,776
-158.349,-37.8459,777
-158.902,-37.8349,778
-161.374,-37.8673,783
-160.818,-37.8402,782
-161.374,-37.8673,783
-159.464,-37.8267,779
-161.374,-37.8673,783
-162.334,-37.891,785
-161.719,-37.8763,784
-163.296,-37.8651,787
-163.296,-37.8651,787
-163.296,-37.8651,787
-164.924,-37.8378,790
-165.328,-37.8537,791
-165.996,-37.8635,792
-165.996,-37.8635,792
-166.597,-37.8614,793
-166.911,-37.8438,794
-167.6,-37.8104,795
-167.6,-37.8104,795
-168.039,-37.7934,796
-168.039,-37.7934,796
-169.489,-37.7189,799
-170.486,-37.6753,801
-169.872,-37.6961,800
-170.486,-37.6753,801
-171.531,-37.6707,803
-172.818,-37.6754,805
-173.145,-37.6805,806
-173.657,-37.6943,807
-174.038,-37.7084,808
-174.038,-37.7084,808
-174.999,-37.7212,810
-176.126,-37.7072,812
-176.126,-37.7072,812
-176.126,-37.7072,812
-177.582,-37.7457,815
-176.846,-37.4649,814
-177.983,-37.5188,816
-178.533,-37.7901,817
-178.533,-37.7901,817
-179.292,-37.5446,819
-179.292,-37.5446,819
-179.292,-37.5446,819
-180.51,-37.5421,821
-182.044,-37.6642,824
-181.58,-37.6363,823
-182.044,-37.6642,824
-182.33,-37.6798,825
-183.449,-37.8902,827
-184.48,-37.7803,829
-183.927,-37.8473,828
-183.927,-37.8473,828
-184.699,-37.487,830
-185.959,-37.4323,832
-185.331,-37.6795,831
-186.289,-37.6871,833
-187.512,-37.6662,835
-187.512,-37.6662,835
-188.557,-37.6355,837
-187.512,-37.6662,835
-188.933,-37.625,838
-189.47,-37.612,839
-189.982,-37.6033,840
-191.8,-37.5957,844
-191.523,-37.345,843
-190.489,-37.5952,841
-191.8,-37.5957,844
-192.964,-37.5902,846
-194.084,-37.588,848
-193.335,-37.5862,847
-194.084,-37.588,848
-195.102,-37.3257,850
-195.102,-37.3257,850
-195.601,-37.571,851
-196.917,-37.6075,854
-196.451,-37.5997,853
-196.917,-37.6075,854
-197.412,-37.6017,855
-198.592,-37.5279,857
-198.592,-37.5279,857
-198.592,-37.5279,857
-198.779,-37.5006,858
-200.042,-37.4699,860
-200.994,-37.5301,862
-200.994,-37.5301,862
-202.178,-37.2664,864
-203.043,-37.4708,866
-202.612,-37.4964,865
-203.61,-37.4555,867
-204.103,-37.445,868
-204.103,-37.445,868
-205.473,-37.4514,871
-205.224,-37.4478,870
-206.135,-37.4435,872
-205.224,-37.4478,870
-206.757,-37.4332,873
-207.133,-37.4269,874
-207.705,-37.1713,875
-209.12,-37.4739,878
-209.12,-37.4739,878
-209.12,-37.4739,878
-209.12,-37.4739,878
-210.3,-37.244,880
-210.681,-37.2433,881
-211.366,-37.2409,882
-211.484,-37.2404,883
-212.268,-37.2454,884
-212.71,-37.2523,885
-212.71,-37.2523,885
-213.892,-37.275,887
-214.143,-37.2811,888
-214.835,-37.5396,889
-214.143,-37.2811,888
-214.143,-37.2811,888
-216.25,-37.4135,892
-216.675,-37.3401,893
-217.254,-37.2679,894
-217.847,-37.1744,895
-218.213,-37.1256,896
-218.638,-37.0767,897
-220.305,-37.0118,900
-219.74,-37.0268,899
-220.747,-37.0056,901
-220.747,-37.0056,901
-222.088,-36.998,904
-221.373,-37.0025,902
-222.835,-36.9736,905
-222.835,-36.9736,905
-223.772,-36.9393,907
-223.772,-36.9393,907
-224.257,-36.9194,908
-224.257,-36.9194,908
-226.078,-36.807,912
-226.078,-36.807,912
-226.078,-36.807,912
-227.384,-36.824,914
-227.384,-36.824,914
-227.766,-36.7543,915
-228.288,-36.5495,916
-228.953,-35.912,918
-228.953,-35.912,918
-229.308,-35.7551,919
-229.56,-35.2514,920
-229.833,-34.7621,921
-230.217,-33.6996,924
-230.217,-33.6996,924
-230.217,-33.6996,924
-230.096,-31.0938,929
-230.294,-32.2062,927
-230.294,-32.2062,927
-230.267,-31.5914,928
-230.294,-32.2062,927
-230.223,-30.6172,930
-230.417,-30.0909,931
-230.417,-30.0909,931
-230.739,-28.9851,933
-230.785,-28.8141,934
-230.692,-28.1579,935
-230.674,-26.2059,939
-230.853,-26.723,938
-230.674,-26.2059,939
-230.625,-25.6836,940
-230.625,-25.6836,940
-230.726,-25.209,941
-230.726,-25.209,941
-230.633,-24.1478,943
-230.751,-23.624,944
-230.818,-21.6727,948
-230.818,-21.6727,948
-230.863,-22.2842,947
-230.818,-21.6727,948
-230.818,-21.6727,948
-230.684,-21.1803,949
-230.668,-20.4298,950
-230.41,-20.1313,951
-229.997,31.5105,1054
-230.46,-19.6834,952
-230.675,-17.193,957
-230.818,-21.6727,948
-230.818,-21.6727,948
-230.109,29.5925,1050
-230.109,29.5925,1050
-230.109,29.5925,1050
-230.041,29.0033,1049
-230.109,29.5925,1050
-230.109,29.5925,1050
-230.109,29.5925,1050
-230.684,-21.1803,949
-230.488,-12.3738,966
-230.684,-21.1803,949
-230.109,29.5925,1050
-229.894,30.4182,1052
-230.684,-21.1803,949
-230.684,-21.1803,949
-230.294,-32.2062,927
-230.096,-31.0938,929
-230.223,-30.6172,930
-229.833,-34.7621,921
-229.997,31.5105,1054
-229.997,31.5105,1054
-229.997,31.5105,1054
-230.001,34.1523,1059
-230.001,34.1523,1059
-230.637,-19.133,953
-230.528,-10.9309,969
-230.591,-10.4331,970
-230.587,-9.82656,971
-230.597,-9.57578,972
-230.347,-9.13605,973
-230.276,-7.88823,975
-230.276,-7.88823,975
-230.276,-7.88823,975
-230.276,-7.88823,975
-230.439,-6.51442,978
-230.476,-5.9233,979
-230.469,-5.48557,980
-230.476,-5.9233,979
-230.487,-4.88001,981
-230.487,-4.88001,981
-230.487,-4.88001,981
-230.385,-2.94939,985
-230.385,-2.94939,985
-230.284,-1.89778,987
-230.487,-1.37351,988
-230.49,-0.884682,989
-230.616,0.0940485,991
-230.433,0.631112,992
-230.616,0.0940485,991
-230.433,0.631112,992
-230.484,2.02877,995
-230.54,1.73362,994
-230.19,2.79265,996
-230.19,2.79265,996
-230.398,3.11037,997
-230.304,4.19174,999
-230.316,4.69818,1000
-230.287,4.94127,1001
-230.287,5.53628,1002
-230.281,6.12283,1003
-230.309,6.55671,1004
-230.36,7.01572,1005
-230.36,7.01572,1005
-230.303,7.58546,1006
-230.338,7.99157,1007
-230.31,8.92333,1009
-230.163,9.43512,1010
-230.132,10.1193,1011
-230.132,10.1193,1011
-230.369,10.9766,1013
-230.371,11.5134,1014
-230.073,12.0502,1015
-230.073,12.0502,1015
-230.358,12.9277,1017
-230.255,13.7062,1018
-230.335,13.9352,1019
-230.305,14.54,1020
-230.148,15.1634,1021
-230.426,15.7864,1022
-230.173,16.3034,1023
-230.173,16.3034,1023
-230.121,16.8259,1024
-230.045,17.6456,1026
-230.053,18.2857,1027
-230.053,18.2857,1027
-230.053,18.2857,1027
-230.024,19.6286,1030
-230.053,20.1542,1031
-230.071,20.9213,1032
-230.063,21.1525,1033
-230.165,22.0134,1035
-230.165,22.0134,1035
-230.165,22.0134,1035
-230.186,23.101,1037
-230.007,23.6463,1038
-230.007,23.6463,1038
-230.054,24.8261,1040
-230.002,25.1102,1041
-230.077,25.589,1042
-230.051,26.6105,1044
-230.148,27.1321,1045
-230.241,27.6443,1046
-230.005,28.4767,1048
-230.005,28.4767,1048
-230.041,29.0033,1049
-230.109,29.5925,1050
-230.041,29.0033,1049
-229.908,30.1564,1051
-229.894,30.4182,1052
-229.887,30.9468,1053
-229.997,31.5105,1054
-230.06,32.0117,1055
-230.021,32.5309,1056
-229.997,31.5105,1054
-229.997,31.5105,1054
-230.001,34.1523,1059
-230.055,34.4429,1060
-229.819,34.9735,1061
-229.819,34.9735,1061
-230.096,35.9541,1063
-230.087,36.5404,1064
-229.897,36.8205,1065
-229.897,36.8205,1065
-229.973,37.8796,1067
-230.001,34.1523,1059
-229.895,38.6903,1069
-229.95,39.287,1070
-229.895,38.6903,1069
-230.102,40.0126,1072
-230.102,40.0126,1072
-230.106,43.7282,1079
-229.917,43.9615,1080
-230.106,43.7282,1079
-229.917,43.9615,1080
-229.917,43.9615,1080
-230.106,43.7282,1079
-229.917,43.9615,1080
-230.074,44.9786,1082
-230.074,44.9786,1082
-230.074,44.9786,1082
-230.207,45.4676,1083
-248.492,37.9887,1148
-230.212,45.7572,1085
-230.453,45.6987,1086
-230.517,45.7948,1087
-230.945,45.8199,1088
-231.696,45.573,1093
-233.636,46.2489,1097
-231.322,45.7239,1091
-233.023,46.5278,1095
-232.468,46.3714,1094
-231.696,45.573,1093
-232.468,46.3714,1094
-233.636,46.2489,1097
-234.38,46.152,1098
-233.636,46.2489,1097
-234.38,46.152,1098
-234.708,46.1167,1099
-234.38,46.152,1098
-234.38,46.152,1098
-235.655,45.9093,1101
-236.913,46.4302,1103
-236.913,46.4302,1103
-236.036,46.2516,1102
-238.813,46.0638,1107
-238.813,46.0638,1107
-239.392,46.2722,1108
-239.933,46.28,1109
-240.251,46.2885,1110
-241.005,46.2854,1111
-241.551,46.026,1112
-242.479,46.054,1114
-242.479,46.054,1114
-242.958,46.076,1115
-243.948,46.3677,1117
-245.206,46.5047,1120
-245.206,46.5047,1120
-244.653,46.4545,1119
-245.963,46.311,1121
-245.963,46.311,1121
-246.249,46.3489,1122
-246.625,46.3538,1123
-247.442,46.244,1124
-247.371,46.2482,1125
-247.464,46.1824,1126
-249.613,36.4394,1152
-247.795,45.8153,1128
-247.817,45.5322,1130
-248.034,45.3148,1131
-247.712,45.2956,1132
-247.329,43.4948,1136
-247.329,43.4948,1136
-247.329,43.4948,1136
-247.299,43.1916,1137
-247.466,42.6892,1138
-247.667,41.0586,1141
-247.667,41.0586,1141
-247.667,41.0586,1141
-247.666,40.5813,1142
-247.697,39.7976,1144
-248.129,39.3261,1145
-248.129,39.3261,1145
-248.259,38.8194,1146
-248.492,37.9887,1148
-248.492,37.9887,1148
-248.602,37.5494,1149
-249.237,37.1921,1150
-249.305,36.9746,1151
-249.613,36.4394,1152
-249.761,36.0803,1153
-250.396,35.7565,1154
-250.396,35.7565,1154
-251.457,35.4075,1156
-252.275,35.0122,1158
-251.853,35.1823,1157
-252.66,34.903,1159
-252.66,34.903,1159
-253.572,34.8253,1161
-254.218,35.0913,1162
-254.784,34.8975,1163
-255.346,34.9497,1164
-256.367,35.0657,1166
-257.096,35.1134,1167
-252.66,34.903,1159
-252.66,34.903,1159
-252.66,34.903,1159
-253.171,34.8441,1160
-258.508,35.1582,1170
-259.61,35.1744,1172
-259.61,35.1744,1172
-260.472,35.1395,1174
-260.898,35.1121,1175
-262.353,35.2708,1178
-262.761,35.0383,1179
-262.353,35.2708,1178
-262.761,35.0383,1179
-263.297,35.3341,1180
-264.494,35.1095,1182
-264.942,35.3377,1183
-264.942,35.3377,1183
-265.386,35.0784,1184
-265.904,35.29,1185
-266.685,35.2288,1186
-265.386,35.0784,1184
-266.685,35.2288,1186
-267.323,35.1535,1188
-267.657,35.1223,1189
-271.939,35.0731,1197
-270.814,35.3875,1195
-270.814,35.3875,1195
-270.814,35.3875,1195
-270.814,35.3875,1195
-270.814,35.3875,1195
-270.814,35.3875,1195
-271.939,35.0731,1197
-271.939,35.0731,1197
-273.453,35.2636,1200
-273.741,35.2464,1201
-274.378,35.2205,1202
-275.485,35.1677,1204
-275.892,35.1544,1205
-275.892,35.1544,1205
-276.612,35.1571,1206
-276.875,35.1604,1207
-277.427,35.1691,1208
-279.817,35.2077,1212
-278.711,35.1916,1210
-279.011,35.1975,1211
-278.711,35.1916,1210
-279.011,35.1975,1211
-280.731,35.2152,1214
-280.776,35.2147,1215
-280.776,35.2147,1215
-280.776,35.2147,1215
-283.308,35.2654,1219
-283.616,35.2658,1220
-284.831,35.2573,1222
-284.46,35.2612,1221
-283.616,35.2658,1220
-285.218,35.2526,1223
-284.46,35.2612,1221
-285.837,35.2446,1224
-286.082,35.2401,1225
-287.321,35.2304,1227
-288.433,35.2048,1229
-288.811,35.1876,1230
-288.433,35.2048,1229
-289.311,35.1611,1231
-289.721,35.1498,1232
-290.267,35.1421,1233
-290.267,35.1421,1233
-290.641,35.1352,1234
-291.317,35.1288,1235
-293.652,35.1939,1240
-291.317,35.1288,1235
-292.488,35.153,1237
-293.652,35.1939,1240
-293.652,35.1939,1240
-294.19,35.2128,1241
-294.819,35.2367,1242
-294.819,35.2367,1242
-296.552,35.248,1245
-296.552,35.248,1245
-297.691,35.2044,1247
-297.691,35.2044,1247
-298.071,35.1851,1248
-298.484,35.1661,1249
-298.484,35.1661,1249
-299.548,35.1733,1251
-300.429,35.1988,1253
-301.442,34.9835,1255
-301.442,34.9835,1255
-301.984,35.0146,1256
-301.442,34.9835,1255
-302.217,35.046,1257
-302.833,35.1198,1258
-303.382,35.1931,1259
-303.382,35.1931,1259
-303.382,35.1931,1259
-304.768,35.2336,1262
-305.294,35.0764,1263
-305.974,35.1105,1264
-306.387,35.0023,1265
-307.631,34.5428,1268
-307.359,34.8243,1267
-307.359,34.8243,1267
-308.23,34.7838,1269
-308.23,34.7838,1269
-308.23,34.7838,1269
-312.939,34.7645,1278
-308.23,34.7838,1269
-311.089,34.884,1274
-311.089,34.884,1274
-311.956,34.8226,1276
-313.296,34.7475,1279
-312.939,34.7645,1278
-313.296,34.7475,1279
-313.939,34.7511,1280
-313.939,34.7511,1280
-315.094,34.7633,1282
-315.094,34.7633,1282
-315.898,34.781,1284
-315.898,34.781,1284
-315.649,34.775,1283
-316.949,34.8081,1286
-318.144,34.8372,1288
-317.579,34.8215,1287
-318.698,34.8494,1289
-318.698,34.8494,1289
-320.734,34.8543,1293
-320.734,34.8543,1293
-320.734,34.8543,1293
-320.734,34.8543,1293
-321.782,34.8387,1295
-322.36,34.8251,1296
-323.305,34.7959,1298
-323.305,34.7959,1298
-324.372,34.7622,1300
-324.372,34.7622,1300
-325.296,34.7396,1302
-325.296,34.7396,1302
-325.614,34.7405,1303
-326.839,34.7423,1305
-327.216,34.7355,1306
-327.824,34.9581,1307
-329.093,34.9231,1310
-328.545,34.6726,1309
-329.093,34.9231,1310
-329.697,34.9149,1311
-329.697,34.9149,1311
-330.684,34.8428,1313
-331.24,34.7909,1314
-331.24,34.7909,1314
-332.18,34.716,1316
-332.615,34.7078,1317
-333.211,34.7248,1318
-333.587,34.7528,1319
-334.084,34.7898,1320
-334.712,34.5836,1321
-335.063,34.6145,1322
-335.483,34.6489,1323
-336.833,34.736,1325
-336.833,34.736,1325
-337.189,34.9772,1326
-337.666,34.9614,1327
-338.043,34.6851,1328
-338.567,34.6459,1329
-339.047,34.8554,1330
-339.94,34.8614,1332
-339.684,34.857,1331
-341.111,34.8772,1334
-341.111,34.8772,1334
-341.111,34.8772,1334
-342.291,34.8396,1336
-342.985,34.7919,1338
-342.626,34.8198,1337
-343.484,34.7616,1339
-343.945,34.7478,1340
-345.145,34.7454,1342
-345.577,34.748,1343
-346.075,34.7517,1344
-346.637,34.7569,1345
-347.141,34.7609,1346
-347.141,34.7609,1346
-349.587,34.8081,1351
-348.435,34.7734,1349
-349.587,34.8081,1351
-348.435,34.7734,1349
-349.587,34.8081,1351
-350.388,34.7226,1353
-351.004,35.0286,1354
-351.4,34.7694,1355
-352.478,34.7424,1357
-352.478,34.7424,1357
-353.038,34.7379,1358
-354.023,34.7357,1360
-354.023,34.7357,1360
-354.705,34.7396,1361
-354.997,34.7427,1362
-355.547,34.7493,1363
-356.276,34.7566,1364
-356.77,34.7625,1365
-357.002,34.7649,1366
-357.632,34.7721,1367
-358.076,34.7754,1368
-358.621,34.7813,1369
-359.283,34.7878,1370
-359.583,34.7904,1371
-360.129,34.7924,1372
-360.687,35.0416,1373
-360.687,35.0416,1373
-361.632,34.7691,1375
-361.099,35.0392,1374
-362.625,34.6601,1377
-363.153,34.6474,1378
-363.63,34.9083,1379
-363.63,34.9083,1379
-364.185,34.6894,1380
-364.755,34.4833,1381
-365.212,34.7745,1382
-365.212,34.7745,1382
-366.829,34.8333,1385
-366.829,34.8333,1385
-367.178,35.0638,1386
-368.757,34.9019,1389
-368.076,34.7142,1388
-368.947,34.9117,1390
-369.664,35.0479,1391
-370.204,34.9791,1392
-370.485,35.1517,1393
-371.058,35.3776,1394
-371.431,35.2894,1395
-371.431,35.2894,1395
-371.884,35.6274,1396
-372.979,35.4456,1398
-373.457,35.3617,1399
-373.457,35.3617,1399
-374.472,35.4252,1401
-374.763,35.3696,1402
-375.734,35.177,1404
-375.734,35.177,1404
-376.771,34.9443,1406
-376.771,34.9443,1406
-377.385,34.8181,1407
-377.385,34.8181,1407
-378.292,34.9279,1409
-378.292,34.9279,1409
-379.826,34.5724,1412
-379.826,34.5724,1412
-379.826,34.5724,1412
-380.667,34.1698,1414
-380.942,33.9342,1415
-382.388,33.5295,1418
-382.388,33.5295,1418
-382.788,33.4765,1419
-382.788,33.4765,1419
-382.788,33.4765,1419
-382.788,33.4765,1419
-384.17,33.5963,1422
-385.686,33.5865,1425
-385.686,33.5865,1425
-386.371,33.5104,1426
-386.371,33.5104,1426
-386.614,33.4653,1427
-387.164,33.4093,1428
-387.774,33.3739,1429
-388.493,33.3687,1430
-388.842,33.384,1431
-389.514,33.4308,1432
-389.514,33.4308,1432
-389.957,33.462,1433
-391.033,33.295,1435
-391.435,33.5829,1436
-391.435,33.5829,1436
-392.411,33.6162,1438
-392.777,33.6181,1439
-392.777,33.6181,1439
-393.714,33.6203,1441
-394.32,33.6176,1442
-394.756,33.6162,1443
-395.254,33.6128,1444
-395.254,33.6128,1444
-395.254,33.6128,1444
-396.317,33.5822,1446
-396.726,33.5694,1447
-397.4,33.5691,1448
-397.948,33.585,1449
-397.948,33.585,1449
-398.502,33.617,1450
-398.502,33.617,1450
-398.502,33.617,1450
-400.055,33.728,1453
-400.055,33.728,1453
-400.839,33.7062,1455
-401.189,33.6817,1456
-402.055,33.6582,1457
-402.666,33.6705,1458
-403.022,33.6805,1459
-403.448,33.4451,1460
-404.075,33.7211,1461
-404.075,33.7211,1461
-404.327,33.7451,1462
-405.685,33.6266,1464
-406.3,33.7186,1465
-406.371,33.738,1466
-406.371,33.738,1466
-407.408,33.8249,1468
-407.408,33.8249,1468
-408.589,33.8252,1470
-408.589,33.8252,1470
-408.908,33.8195,1471
-409.855,33.7845,1473
-410.693,33.7766,1474
-410.991,33.7837,1475
-411.363,33.7963,1476
-411.363,33.7963,1476
-412.001,33.8166,1477
-412.667,33.8372,1478
-413.665,33.862,1480
-413.665,33.862,1480
-413.913,33.8679,1481
-413.665,33.862,1480
-415.156,33.8797,1483
-415.476,33.8821,1484
-417.068,33.8864,1487
-416.27,33.8852,1486
-417.565,33.8833,1488
-417.565,33.8833,1488
-418.307,33.874,1490
-417.565,33.8833,1488
-420.451,33.8974,1494
-420.073,33.8974,1493
-420.799,33.9018,1495
-421.424,33.9117,1496
-421.424,33.9117,1496
-421.424,33.9117,1496
-422.603,33.9282,1498
-422.603,33.9282,1498
-423.462,33.914,1500
-423.73,33.8503,1501
-424.602,33.6359,1502
-424.862,33.57,1503
-424.862,33.57,1503
-425.68,33.7557,1504
-426.059,33.7114,1505
-426.461,33.6672,1506
-427.843,33.4447,1509
-427.396,33.5168,1508
-428.381,33.3458,1510
-428.381,33.3458,1510
-429.003,33.2539,1511
-429.44,33.1724,1512
-429.44,33.1724,1512
-429.44,33.1724,1512
-431.101,33.1615,1515
-432.157,33.0108,1517
-432.157,33.0108,1517
-432.825,32.8498,1519
-433.447,32.8531,1520
-433.748,32.9964,1521
-434.388,33.0075,1522
-434.815,33.2765,1523
-434.815,33.2765,1523
-435.25,33.5066,1524
-435.57,33.716,1525
-436.548,34.182,1527
-436.548,34.182,1527
-437.218,34.0668,1528
-437.759,34.1291,1529
-438.173,34.1676,1530
-438.717,34.2223,1531
-439.251,34.2532,1532
-440.236,34.2834,1534
-440.861,34.2992,1535
-441.431,34.311,1536
-441.431,34.311,1536
-441.742,34.317,1537
-442.673,34.3257,1538
-443.093,34.3288,1539
-443.47,34.3326,1540
-443.773,34.3349,1541
-444.399,34.3446,1542
-444.965,34.3502,1543
-445.469,34.3531,1544
-445.97,34.3564,1545
-446.522,34.3591,1546
-447.027,34.3672,1547
-447.33,34.3783,1548
-447.33,34.3783,1548
-447.904,34.3936,1549
-449.156,34.4269,1551
-449.821,34.4452,1552
-450.197,34.4547,1553
-450.388,34.4638,1554
-451.135,34.4861,1555
-451.135,34.4861,1555
-451.856,34.5077,1557
-452.444,34.5195,1558
-452.939,34.5335,1559
-453.504,34.5499,1560
-453.939,34.5593,1561
-454.413,34.5698,1562
-455.107,34.5796,1563
-456.051,34.5957,1565
-455.542,34.5872,1564
-462.006,34.7762,1577
-456.921,34.63,1567
-457.536,34.6591,1568
-458.081,34.6852,1569
-459.131,34.7322,1571
-459.131,34.7322,1571
-459.889,34.5349,1573
-460.493,34.5743,1574
-466.718,34.8104,1586
-491.988,34.1295,1636
-517.201,32.2676,1686
-464.668,34.9472,1582
-460.978,34.6381,1575
-463.504,34.9489,1580
-462.684,34.8753,1578
-462.006,34.7762,1577
-461.4,34.69,1576
-462.006,34.7762,1577
-465.099,34.9231,1583
-465.919,34.8615,1585
-465.919,34.8615,1585
-465.919,34.8615,1585
-467.701,34.7341,1588
-467.701,34.7341,1588
-468.35,34.7067,1590
-468.975,34.6974,1591
-469.471,34.692,1592
-470.036,34.6919,1593
-470.413,34.6917,1594
-471.111,34.6891,1595
-471.111,34.6891,1595
-472.321,34.6802,1597
-472.577,34.6769,1598
-473.067,34.6728,1599
-473.547,34.6696,1600
-474.116,34.6564,1601
-474.654,34.6363,1602
-475.649,34.8397,1604
-475.886,34.5394,1605
-475.886,34.5394,1605
-476.593,34.6839,1606
-477.391,34.549,1608
-478.061,34.4692,1609
-478.061,34.4692,1609
-478.419,34.4321,1610
-479.037,34.4075,1611
-479.524,34.418,1612
-480.03,34.4381,1613
-480.695,34.4598,1614
-481.001,34.4722,1615
-481.685,34.4855,1616
-481.986,34.4806,1617
-482.735,34.4551,1618
-483.05,34.4376,1619
-483.61,34.4072,1620
-484.089,34.3805,1621
-484.646,34.3426,1622
-485.282,34.3024,1623
-485.282,34.3024,1623
-486.448,34.2478,1625
-486.886,34.2411,1626
-487.883,34.2372,1628
-486.886,34.2411,1626
-488.576,34.2427,1630
-489.138,34.2447,1631
-488.199,34.2385,1629
-491.567,34.172,1635
-490.142,34.2541,1633
-489.76,34.2501,1632
-490.939,34.2341,1634
-491.988,34.1295,1636
-492.339,34.0965,1637
-493.626,34.0748,1639
-493.946,34.0775,1640
-493.946,34.0775,1640
-494.872,34.0958,1642
-494.872,34.0958,1642
-495.787,34.1078,1643
-497.265,34.0573,1646
-496.895,34.0762,1645
-497.265,34.0573,1646
-498.106,34.005,1648
-499.418,33.8902,1650
-499.418,33.8902,1650
-499.418,33.8902,1650
-499.717,33.8512,1651
-500.645,33.7368,1653
-500.645,33.7368,1653
-501.436,33.654,1654
-502.286,33.775,1656
-502.286,33.775,1656
-502.888,33.6761,1657
-503.236,33.613,1658
-503.672,33.5169,1659
-503.672,33.5169,1659
-504.991,33.3444,1661
-505.471,33.555,1662
-505.471,33.555,1662
-506.545,33.2428,1664
-505.829,33.2845,1663
-506.906,33.1865,1665
-506.906,33.1865,1665
-508.433,33.23,1668
-508.878,32.9616,1669
-508.878,32.9616,1669
-509.817,33.1789,1671
-510.41,33.1632,1672
-510.71,33.1533,1673
-511.879,32.8832,1675
-512.14,33.1276,1676
-512.14,33.1276,1676
-512.14,33.1276,1676
-513.291,33.1255,1678
-513.97,33.1258,1679
-514.58,33.1053,1680
-514.884,33.0781,1681
-514.884,33.0781,1681
-515.768,32.8802,1683
-516.42,32.6663,1684
-516.42,32.6663,1684
-517.201,32.2676,1686
-517.762,32.3713,1687
-518.245,32.3244,1688
-518.724,32.2726,1689
-518.724,32.2726,1689
-520.382,32.0243,1692
-520.382,32.0243,1692
-520.67,31.9644,1693
-520.991,31.9277,1694
-522.147,31.9943,1696
-522.147,31.9943,1696
-522.512,32.1597,1697
-522.916,32.4522,1698
-523.271,32.4418,1699
-523.309,32.5798,1700
-523.48,33.0042,1701
-523.432,33.2269,1702
-523.415,33.6883,1703
-523.415,33.6883,1703
-523.264,34.7623,1705
-523.222,35.3382,1706
-523.222,35.3382,1706
-523.157,36.3757,1708
-523.224,36.9485,1709
-522.999,37.3748,1710
-523.088,37.8302,1711
-523.088,37.8302,1711
-522.994,38.7465,1713
-522.796,39.3367,1714
-522.765,39.7813,1715
-522.765,39.7813,1715
-522.324,40.7413,1717
-522.242,41.3016,1718
-522.202,41.6975,1719
-521.958,42.2026,1720
-522.051,42.7354,1721
-522.057,43.1824,1722
-522.14,43.8616,1723
-522.097,44.1525,1724
-522.004,44.6969,1725
-522.031,45.1185,1726
-522.079,45.5837,1727
-522.145,46.1622,1728
-522.282,46.608,1729
-522.302,47.7309,1731
-522.186,48.1649,1732
-522.186,48.1649,1732
-522.479,48.5828,1733
-522.369,49.0939,1734
-522.529,49.6143,1735
-522.529,49.6143,1735
-522.809,50.5057,1737
-522.895,51.2169,1738
-522.958,51.924,1740
-523.014,53.0153,1742
-523.131,53.4727,1743
-523.014,53.0153,1742
-522.968,53.91,1744
-522.968,53.91,1744
-523.065,54.4668,1745
-522.986,55.4398,1747
-522.986,55.4398,1747
-523.08,56.882,1750
-523.08,56.882,1750
-522.937,56.2801,1749
-522.937,56.2801,1749
-523.172,57.5375,1751
-523.023,57.9386,1752
-523.228,59.6138,1755
-523.228,59.6138,1755
-523.05,59.9216,1757
-523.05,59.9216,1757
-522.826,60.0118,1759
-522.826,60.0118,1759
-522.834,60.2317,1760
-522.179,60.4031,1762
-522.179,60.4031,1762
-520.959,60.5179,1764
-520.959,60.5179,1764
-519.986,60.2596,1766
-519.532,60.5051,1767
-519.532,60.5051,1767
-519.156,60.2495,1768
-517.888,60.2413,1770
-520.408,60.5158,1765
-519.986,60.2596,1766
-519.532,60.5051,1767
-515.354,60.3106,1775
-515.354,60.3106,1775
-515.354,60.3106,1775
-514.824,60.3352,1776
-514.2,60.3628,1777
-513.755,60.6316,1778
-512.372,60.293,1781
-512.372,60.293,1781
-511.952,60.5246,1782
-511.452,60.2749,1783
-510.738,60.2989,1784
-510.25,60.324,1785
-510.071,60.5704,1786
-509.541,60.6287,1787
-508.851,60.7076,1788
-508.35,60.7199,1789
-507.87,60.7234,1790
-507.593,60.7214,1791
-506.952,60.722,1792
-506.212,60.7317,1793
-505.804,60.7453,1794
-505.358,60.76,1795
-505.358,60.76,1795
-504.372,60.7817,1797
-503.96,60.7782,1798
-503.378,60.7688,1799
-503.378,60.7688,1799
-502.714,60.7545,1800
-501.8,60.7356,1802
-501.203,60.725,1803
-500.653,60.7163,1804
-500.322,60.7135,1805
-499.627,60.6978,1806
-482.901,60.6268,1839
-499.141,60.6856,1807
-498.487,60.674,1808
-498.102,60.6635,1809
-497.434,60.6477,1810
-497.12,60.6437,1811
-496.142,60.6238,1813
-496.142,60.6238,1813
-496.142,60.6238,1813
-494.931,60.6167,1815
-494.482,60.652,1816
-493.399,60.7068,1818
-493.04,60.7137,1819
-493.04,60.7137,1819
-492.376,60.7021,1820
-491.877,60.687,1821
-491.392,60.6767,1822
-491.035,60.6655,1823
-490.197,60.405,1824
-489.742,60.659,1825
-488.879,60.6745,1827
-488.879,60.6745,1827
-488.152,60.6608,1828
-487.884,60.6568,1829
-487.466,60.6426,1830
-486.826,60.6193,1831
-486.524,60.6077,1832
-486.826,60.6193,1831
-483.328,60.3558,1838
-483.871,60.3124,1837
-483.871,60.3124,1837
-483.871,60.3124,1837
-483.871,60.3124,1837
-482.373,60.6336,1840
-482.041,60.6298,1841
-482.373,60.6336,1840
-481.513,60.6144,1842
-480.431,60.3116,1844
-479.878,60.5557,1845
-479.02,60.297,1847
-479.02,60.297,1847
-479.02,60.297,1847
-478.496,60.2928,1848
-478.204,60.293,1849
-477.768,60.551,1850
-476.567,60.5717,1852
-476.567,60.5717,1852
-475.61,60.3172,1854
-475.168,60.3004,1855
-474.681,60.2893,1856
-474.681,60.2893,1856
-473.612,60.293,1858
-472.992,60.292,1859
-472.437,60.5293,1860
-472.004,60.2641,1861
-472.437,60.5293,1860
-471.051,60.2186,1863
-470.536,60.2076,1864
-470.126,60.203,1865
-469.528,60.2064,1866
-469.027,60.2141,1867
-469.027,60.2141,1867
-468.35,60.222,1868
-468.022,60.2282,1869
-467.401,60.2397,1870
-464.105,60.226,1877
-465.584,60.2614,1874
-465.8,60.2638,1873
-465.584,60.2614,1874
-464.915,60.2545,1875
-464.642,60.2515,1876
-464.105,60.226,1877
-463.349,60.1856,1878
-463.065,60.1818,1879
-462.397,60.1669,1880
-462.397,60.1669,1880
-460.852,60.1471,1883
-460.852,60.1471,1883
-460.072,60.1391,1885
-460.072,60.1391,1885
-459.428,60.1335,1886
-464.642,60.2515,1876
-464.105,60.226,1877
-464.105,60.226,1877
-458.919,60.1302,1887
-458.919,60.1302,1887
-465.8,60.2638,1873
-440.151,60.1339,1924
-440.151,60.1339,1924
-448.577,59.8213,1907
-454.638,60.1128,1895
-454.265,60.1119,1896
-453.698,60.1087,1897
-453.256,60.1048,1898
-452.751,60.0991,1899
-452.257,60.0918,1900
-451.777,60.0843,1901
-451.239,60.0746,1902
-451.239,60.0746,1902
-450.645,60.0654,1903
-450.233,59.8057,1904
-449.442,59.7999,1905
-448.577,59.8213,1907
-448.577,59.8213,1907
-448.577,59.8213,1907
-448.146,60.0764,1908
-447.041,60.0475,1910
-446.578,60.0241,1911
-446.199,60.0232,1912
-445.678,59.7447,1913
-444.964,59.7166,1914
-444.585,59.7211,1915
-444.015,59.7455,1916
-443.253,60.0484,1918
-443.556,59.7794,1917
-442.667,60.0698,1919
-442.261,60.0715,1920
-441.237,59.7998,1922
-441.237,59.7998,1922
-441.807,60.0691,1921
-441.237,59.7998,1922
-438.012,60.3835,1928
-438.012,60.3835,1928
-439.135,60.2079,1926
-439.135,60.2079,1926
-435.783,59.677,1933
-435.783,59.677,1933
-435.783,59.677,1933
-435.156,59.7015,1934
-435.783,59.677,1933
-435.156,59.7015,1934
-433.411,59.7364,1938
-433.639,59.9903,1937
-433.411,59.7364,1938
-432.663,59.7151,1939
-432.663,59.7151,1939
-431.663,59.7256,1941
-431.384,59.7291,1942
-430.871,59.992,1943
-430.075,59.9866,1944
-429.889,59.7276,1945
-428.56,59.6273,1948
-429.097,59.6683,1947
-427.967,59.6066,1949
-427.967,59.6066,1949
-427.967,59.6066,1949
-426.372,59.6178,1952
-425.808,59.6296,1953
-425.808,59.6296,1953
-425.314,59.6211,1954
-424.714,59.6071,1955
-425.808,59.6296,1953
-423.87,59.5961,1957
-423.87,59.5961,1957
-422.787,59.5984,1959
-423.87,59.5961,1957
-423.248,59.3375,1958
-423.248,59.3375,1958
-420.52,59.7202,1963
-421.611,59.6634,1961
-419.61,59.7504,1965
-419.252,59.7627,1966
-419.252,59.7627,1966
-419.252,59.7627,1966
-419.252,59.7627,1966
-419.252,59.7627,1966
-414.242,60.2333,1976
-414.242,60.2333,1976
-413.816,60.2901,1977
-414.242,60.2333,1976
-414.242,60.2333,1976
-414.242,60.2333,1976
-413.699,60.3007,1978
-413.699,60.3007,1978
-413.699,60.3007,1978
-413.699,60.3007,1978
-414.242,60.2333,1976
-413.699,60.3007,1978
-413.699,60.3007,1978
-409.649,59.716,1986
-413.699,60.3007,1978
-406.314,60.2311,1993
-405.714,60.3059,1994
-405.714,60.3059,1994
-405.714,60.3059,1994
-405.714,60.3059,1994
-413.699,60.3007,1978
-398.239,60.2659,2010
-413.699,60.3007,1978
-405.281,60.3357,1995
-404.891,60.3462,1996
-404.242,60.359,1997
-404.242,60.359,1997
-403.114,60.3734,1999
-402.766,60.3763,2000
-401.876,60.6992,2002
-401.876,60.6992,2002
-401.876,60.6992,2002
-400.256,60.2353,2006
-400.256,60.2353,2006
-399.82,60.2329,2007
-399.82,60.2329,2007
-398.239,60.2659,2010
-398.239,60.2659,2010
-397.802,60.2747,2011
-397.489,60.2811,2012
-396.918,60.2924,2013
-396.537,60.3027,2014
-395.996,60.314,2015
-395.304,60.3304,2016
-394.807,60.3443,2017
-394.412,60.3532,2018
-393.729,60.384,2019
-393.194,60.3835,2020
-393.194,60.3835,2020
-392.319,60.3302,2022
-392.319,60.3302,2022
-392.319,60.3302,2022
-390.445,60.2792,2026
-390.445,60.2792,2026
-389.954,60.2891,2027
-389.39,60.306,2028
-388.845,60.324,2029
-388.845,60.324,2029
-387.618,60.3567,2031
-387.618,60.3567,2031
-386.851,60.3777,2033
-386.129,60.4103,2034
-385.963,60.3932,2035
-385.649,60.3584,2036
-385.216,60.0316,2037
-384.875,60.2628,2038
-384.384,60.2378,2039
-383.32,60.2697,2041
-382.95,60.2862,2042
-382.95,60.2862,2042
-382.542,60.3031,2043
-381.414,60.3473,2045
-381.414,60.3473,2045
-380.48,60.3903,2047
-380.143,60.3899,2048
-379.6,60.401,2049
-379.192,60.4062,2050
-379.192,60.4062,2050
-378.114,60.4254,2052
-377.867,60.4274,2053
-377.4,60.4159,2055
-377.051,60.6656,2056
-377.051,60.6656,2056
-375.995,60.3759,2058
-375.011,60.306,2060
-375.011,60.306,2060
-374.57,59.9747,2061
-375.533,60.3512,2059
-374.385,60.2249,2063
-374.385,60.2249,2063
-374.141,60.2683,2065
-374.202,60.1941,2066
-374.264,60.4357,2067
-374.171,60.5227,2068
-374.171,60.5227,2068
-374.09,61.0777,2069
-374,61.2707,2071
-374.017,61.2735,2070
-374,61.2707,2071
-374,61.2707,2071
-373.975,62.5177,2074
-374.092,66.462,2082
-373.938,63.2952,2075
-374.092,66.462,2082
-374.092,66.462,2082
-374.092,66.462,2082
-374.092,66.462,2082
-374.092,66.462,2082
-374.092,66.462,2082
-374.092,66.462,2082
-373.858,67.5183,2085
-374.077,67.6663,2084
-373.876,68.9424,2090
-374.001,69.0285,2091
-373.992,69.3355,2092
-373.67,69.7104,2093
-373.896,70.1755,2094
-373.805,70.9211,2095
-373.752,71.7748,2097
-373.752,71.7748,2097
-373.658,72.3752,2098
-373.519,72.7598,2099
-373.418,76.9891,2107
-373.62,76.5208,2106
-373.601,74.3207,2102
-373.379,74.7909,2103
-373.574,75.9767,2105
-373.574,75.9767,2105
-373.574,75.9767,2105
-373.502,77.6588,2108
-373.497,78.1767,2109
-373.502,77.6588,2108
-373.418,76.9891,2107
-373.497,78.1767,2109
-373.497,78.1767,2109
-373.174,79.9539,2113
-373.128,81.5839,2116
-373.128,81.5839,2116
-373.045,81.6303,2117
-372.966,82.1218,2118
-372.819,82.2846,2119
-372.46,82.5105,2120
-371.716,83.2563,2122
-371.716,83.2563,2122
-370.872,83.4269,2124
-370.872,83.4269,2124
-370.42,83.51,2125
-370.053,83.8014,2126
-370.053,83.8014,2126
-369.536,83.8711,2127
-368.308,84.007,2129
-367.853,84.0627,2130
-367.853,84.0627,2130
-367.558,84.3314,2131
-367.558,84.3314,2131
-365.356,84.5548,2135
-364.625,84.8688,2137
-364.625,84.8688,2137
-362.582,85.4474,2141
-362.582,85.4474,2141
-362.582,85.4474,2141
-361.849,85.5781,2142
-361.849,85.5781,2142
-361.849,85.5781,2142
-361.32,85.6432,2143
-360.702,85.9641,2145
-360.121,86.0443,2146
-359.539,86.1117,2147
-359.539,86.1117,2147
-358.877,86.1927,2148
-357.451,86.6083,2151
-357.451,86.6083,2151
-357.451,86.6083,2151
-356.549,86.8875,2153
-356.004,86.8845,2154
-355.279,86.5908,2155
-355.279,86.5908,2155
-355.279,86.5908,2155
-354.098,86.8097,2158
-354.436,86.5584,2157
-352.938,86.5147,2160
-352.587,86.5094,2161
-352.587,86.5094,2161
-352.05,86.4974,2162
-351.577,86.4856,2163
-351.019,86.4691,2164
-350.543,86.2028,2165
-350.131,86.4398,2166
-349.338,86.1599,2167
-348.642,86.1394,2169
-348.642,86.1394,2169
-347.902,86.13,2170
-347.591,86.1295,2171
-346.948,86.1259,2172
-346.53,86.1214,2173
-346.065,86.1175,2174
-345.483,86.1017,2175
-344.883,86.0743,2176
-344.341,86.0485,2177
-344.037,86.0377,2178
-343.345,85.9826,2179
-342.749,85.943,2180
-342.482,85.9451,2181
-341.865,85.9069,2182
-341.305,85.6208,2183
-340.569,85.8579,2185
-340.569,85.8579,2185
-339.376,85.5795,2187
-339.376,85.5795,2187
-338.518,85.5388,2189
-338.518,85.5388,2189
-338.157,85.5269,2190
-337.548,85.5014,2191
-336.986,85.4759,2192
-336.663,85.4711,2193
-336.219,85.4513,2194
-335.488,85.422,2195
-335.182,85.4228,2196
-334.538,85.4055,2197
-334.004,85.4043,2198
-333.462,85.4153,2199
-333.163,85.414,2200
-332.579,85.4334,2201
-331.701,85.4536,2203
-331.39,85.4683,2204
-330.588,85.525,2205
-330.588,85.525,2205
-330.136,85.8054,2206
-329.553,85.8438,2207
-328.69,85.8784,2209
-328.096,85.9184,2210
-328.69,85.8784,2209
-326.674,86.016,2213
-327.063,85.9915,2212
-325.066,86.1178,2216
-324.728,86.3726,2217
-325.066,86.1178,2216
-324.728,86.3726,2217
-324.728,86.3726,2217
-323.681,86.4039,2219
-323.371,86.404,2220
-322.758,86.4267,2221
-320.165,86.8405,2226
-320.165,86.8405,2226
-320.72,86.8003,2225
-320.165,86.8405,2226
-320.72,86.8003,2225
-320.165,86.8405,2226
-320.165,86.8405,2226
-318.865,86.9087,2229
-318.214,86.6968,2230
-317.499,86.7647,2231
-317.072,87.0713,2232
-317.072,87.0713,2232
-316.152,87.1363,2234
-316.152,87.1363,2234
-315.357,87.2085,2235
-314.561,87.2575,2237
-314.561,87.2575,2237
-313.529,87.5604,2239
-313.108,87.5608,2240
-313.108,87.5608,2240
-312.564,87.5666,2241
-312.564,87.5666,2241
-310.998,87.6126,2244
-310.998,87.6126,2244
-310.156,87.6608,2246
-310.593,87.6448,2245
-309.417,87.7008,2248
-308.754,88.0409,2249
-308.754,88.0409,2249
-308.223,88.1259,2250
-307.216,88.2777,2252
-307.672,88.1987,2251
-306.366,88.8633,2254
-307.672,88.1987,2251
-308.223,88.1259,2250
-303.956,89.5219,2259
-303.956,89.5219,2259
-303.394,89.5881,2260
-320.165,86.8405,2226
-302.789,89.6147,2261
-302.296,89.6463,2262
-301.848,89.6626,2263
-301.848,89.6626,2263
-301.303,89.6849,2264
-300.373,89.705,2266
-300.373,89.705,2266
-297.446,89.9574,2272
-297.446,89.9574,2272
-297.063,89.7039,2273
-297.446,89.9574,2272
-297.446,89.9574,2272
-297.063,89.7039,2273
-296.609,89.6982,2274
-295.88,89.6904,2275
-295.604,89.6893,2276
-294.291,89.6868,2278
-294.291,89.6868,2278
-294.001,89.6894,2279
-293.524,89.7033,2280
-292.42,89.7229,2282
-292.42,89.7229,2282
-292.05,89.7233,2283
-291.317,89.7163,2284
-290.779,89.7098,2285
-290.278,89.7094,2286
-289.89,89.7069,2287
-289.89,89.7069,2287
-289.048,89.7019,2289
-288.43,89.701,2290
-287.997,89.7009,2291
-287.415,89.7007,2292
-287.415,89.7007,2292
-287.415,89.7007,2292
-286.523,89.7041,2294
-285.896,89.7039,2295
-285.406,89.7037,2296
-284.889,89.7038,2297
-284.36,89.7042,2298
-284.017,89.7045,2299
-283.146,89.7071,2300
-282.768,89.708,2301
-282.203,89.7103,2302
-281.649,89.7135,2303
-280.798,89.7189,2305
-280.435,89.7204,2306
-280.435,89.7204,2306
-280.435,89.7204,2306
-279.221,89.7314,2308
-279.221,89.7314,2308
-278.017,89.7522,2310
-277.732,89.7566,2311
-277.732,89.7566,2311
-276.525,89.8061,2313
-276.214,89.8127,2314
-275.694,90.0932,2315
-275.283,90.0944,2316
-274.171,89.8816,2318
-274.171,89.8816,2318
-273.655,90.1494,2319
-273.655,90.1494,2319
-272.825,90.1682,2321
-272.825,90.1682,2321
-272.268,90.1851,2322
-271.715,89.9543,2323
-271.715,89.9543,2323
-270.751,90.3066,2325
-270.324,90.6349,2326
-270.324,90.6349,2326
-269.522,91.1232,2328
-268.769,91.5525,2330
-268.494,91.9175,2331
-267.322,93.4959,2335
-267.322,93.4959,2335
-267.105,93.9877,2336
-267.105,93.9877,2336
-267.105,93.9877,2336
-266.908,94.5969,2337
-266.908,94.5969,2337
-266.596,95.4628,2339
-266.515,96.0627,2340
-266.536,96.3554,2341
-266.536,96.3554,2341
-266.387,98.2957,2345
-266.387,98.2957,2345
-266.387,98.2957,2345
-266.387,98.2957,2345
-266.32,100.208,2349
-266.32,100.208,2349
-266.32,100.208,2349
-266.059,101.306,2351
-266.303,101.846,2352
-266.303,101.846,2352
-266.352,102.354,2353
-266.303,101.846,2352
-266.435,103.311,2355
-266.435,103.311,2355
-266.435,103.902,2356
-266.502,104.752,2358
-266.195,104.144,2357
-266.419,105.731,2360
-266.55,106.31,2361
-266.55,106.31,2361
-266.261,107.116,2363
-266.261,107.116,2363
-266.905,108.881,2366
-266.905,108.881,2366
-266.905,108.881,2366
-266.811,109.875,2368
-266.806,110.224,2369
-266.806,110.224,2369
-266.86,111.207,2371
-266.859,111.681,2372
-266.882,112.124,2373
-266.834,112.689,2374
-267.001,113.136,2375
-267.066,113.71,2376
-266.775,114.138,2377
-266.775,114.138,2377
-266.904,115.216,2379
-266.896,115.737,2380
-266.995,116.061,2381
-267.045,116.516,2382
-267.042,117.306,2383
-267.065,117.644,2384
-267.065,117.644,2384
-267.059,118.201,2385
-267.189,119.349,2387
-266.959,119.963,2388
-267.203,120.254,2389
-267.22,120.823,2390
-266.998,121.384,2391
-267.012,121.94,2392
-266.984,122.225,2393
-267.016,122.87,2394
-266.885,123.352,2395
-266.823,123.889,2396
-266.618,124.179,2397
-266.652,124.675,2398
-266.713,125.355,2399
-266.672,126.518,2401
-266.672,126.518,2401
-266.65,127.426,2403
-266.65,127.426,2403
-266.65,127.426,2403
-266.696,127.964,2404
-266.696,127.964,2404
-266.65,127.426,2403
-266.736,129.131,2406
-266.363,131.678,2411
-266.441,131.118,2410
-266.333,133.069,2414
-266.363,131.678,2411
-266.395,131.992,2412
-266.517,132.602,2413
-266.333,133.069,2414
-266.384,134.17,2416
-266.333,133.069,2414
-266.254,134.382,2417
-266.182,136.599,2421
-265.909,135.854,2420
-266.182,136.599,2421
-265.917,136.917,2422
-266.065,137.451,2423
-266.112,135.574,2419
-265.759,139.932,2428
-265.759,139.932,2428
-266.065,137.451,2423
-265.772,177.137,2503
-266.777,150.368,2449
-265.942,142.395,2433
-265.997,143.456,2435
-265.491,141.088,2431
-265.47,140.855,2430
-265.772,177.137,2503
-265.772,177.137,2503
-265.772,177.137,2503
-265.772,177.137,2503
-265.996,178.149,2505
-266.481,146.591,2441
-266.346,147.633,2444
-266.313,146.898,2442
-266.394,148.116,2445
-266.414,147.3,2443
-266.346,147.633,2444
-266.346,147.633,2444
-266.346,147.633,2444
-266.346,147.633,2444
-266.774,149.31,2447
-266.774,149.31,2447
-266.774,149.31,2447
-266.682,149.851,2448
-266.682,149.851,2448
-266.854,151.89,2452
-266.854,151.89,2452
-267.155,152.899,2454
-267.315,153.23,2455
-266.682,149.851,2448
-266.682,149.851,2448
-266.682,149.851,2448
-267.262,155.333,2459
-267.262,155.333,2459
-267.318,155.865,2460
-267.131,156.406,2461
-267.131,156.406,2461
-267.131,156.406,2461
-266.65,158.454,2465
-266.65,158.454,2465
-267.262,155.333,2459
-267.262,155.333,2459
-266.786,159.449,2467
-266.505,159.925,2468
-266.505,159.925,2468
-266.318,160.775,2470
-265.506,163.664,2476
-266.184,162.478,2473
-266.176,161.855,2472
-265.964,164.761,2478
-265.964,164.761,2478
-265.964,164.761,2478
-265.964,164.761,2478
-265.964,164.761,2478
-265.964,164.761,2478
-265.588,169.292,2487
-266.119,166.053,2480
-266.067,167.462,2483
-265.761,168.06,2484
-265.727,169.914,2488
-265.588,169.292,2487
-265.588,169.292,2487
-265.664,168.619,2486
-265.656,171.558,2492
-265.409,172.073,2493
-265.409,172.073,2493
-265.409,172.073,2493
-265.409,172.073,2493
-266.09,173.342,2495
-266.09,173.342,2495
-266.289,173.88,2496
-266.337,174.603,2497
-266.337,174.603,2497
-265.798,176.282,2501
-265.798,176.282,2501
-265.798,176.282,2501
-265.772,177.137,2503
-265.772,177.137,2503
-265.996,178.149,2505
-265.996,178.149,2505
-265.676,179.861,2508
-265.676,179.861,2508
-265.992,179.259,2507
-266.294,178.936,2506
-265.676,179.861,2508
-266.092,180.769,2510
-266.092,180.769,2510
-266.092,180.769,2510
-266.092,180.769,2510
-265.801,183.463,2516
-265.56,182.569,2514
-265.56,182.569,2514
-265.56,182.569,2514
-265.805,184.03,2517
-266.022,185.01,2519
-265.906,184.428,2518
-265.906,184.428,2518
-266.022,185.01,2519
-265.899,187.452,2524
-265.899,187.452,2524
-265.662,187.967,2525
-265.971,188.553,2526
-265.87,189.443,2528
-265.87,189.443,2528
-266.037,190.586,2530
-266.034,191.072,2531
-266.237,194.206,2537
-266.077,192.319,2533
-266.237,194.206,2537
-266.194,193.727,2536
-266.194,193.727,2536
-266.237,194.206,2537
-266.194,193.727,2536
-266.372,194.639,2538
-266.461,194.965,2539
-266.303,196.677,2542
-266.156,197.106,2543
-266.156,197.106,2543
-266.169,197.56,2544
-266.371,198.459,2546
-266.484,199.002,2547
-266.371,198.459,2546
-266.371,198.459,2546
-266.371,198.459,2546
-266.647,199.474,2548
-266.66,200.977,2551
-266.874,201.946,2553
-266.874,201.946,2553
-266.874,201.946,2553
-267.369,205.751,2560
-267.693,206.398,2562
-267.924,207.086,2563
-268.008,207.546,2564
-267.246,205.042,2559
-267.246,205.042,2559
-267.488,206.003,2561
-267.369,205.751,2560
-267.488,206.003,2561
-267.924,207.086,2563
-289.19,246.971,2653
-269.225,211.992,2573
-278.857,230.722,2615
-290.175,248.675,2657
-269.445,212.375,2574
-268.926,211.427,2572
-267.924,207.086,2563
-266.874,201.946,2553
-268.563,210.1,2569
-266.874,201.946,2553
-268.209,208.474,2566
-268.407,209.4,2568
