27.9974,-1.38316,57
44.399,-0.682445,89
35.9836,-0.905568,73
27.4359,-1.40604,56
39.6,-0.678391,80
1.24841,-0.0455312,3
27.9974,-1.38316,57
4.12269,-0.843677,9
52.3203,-1.24542,105
53.7934,-1.79372,108
54.1759,-2.13969,109
54.1759,-2.13969,109
3.02522,-0.593661,7
54.9249,-2.18544,110
52.8958,-1.35506,106
54.1759,-2.13969,109
55.1965,-2.52101,111
55.1965,-2.52101,111
10.622,-2.58331,22
0.804927,0.000525487,2
1.24841,-0.0455312,3
1.73514,-0.118277,4
2.18688,-0.188024,5
2.18688,-0.188024,5
3.02522,-0.593661,7
3.02522,-0.593661,7
4.12269,-0.843677,9
4.12269,-0.843677,9
4.69931,-0.973319,10
5.6424,-1.40378,12
6.00268,-1.42417,13
55.1965,-2.52101,111
6.66164,-1.59008,14
6.81377,-1.84927,15
7.63951,-1.99986,16
8.01304,-2.33897,17
8.47176,-2.42052,18
53.7934,-1.79372,108
53.7934,-1.79372,108
9.86918,-2.57822,21
10.622,-2.58331,22
11.1609,-2.57987,23
11.5742,-2.57394,24
11.5742,-2.57394,24
11.9101,-2.57317,25
12.5691,-2.56561,26
13.4755,-2.58264,28
13.4755,-2.58264,28
14.5095,-2.61558,30
14.9417,-2.61687,31
6.81377,-1.84927,15
16.03,-2.56795,33
16.4246,-2.55842,34
17.1226,-2.5025,35
17.2808,-2.2593,36
17.9311,-2.4748,37
18.6656,-2.23822,38
19.1051,-2.24925,39
44.9181,-0.688385,90
20.0867,-2.48648,41
33.1727,-0.962921,67
21.2142,-2.37325,43
21.5856,-2.32978,44
21.5856,-2.32978,44
22.612,-1.94992,46
22.612,-1.94992,46
23.4471,-1.89466,48
24.216,-1.81075,49
26.0144,-1.43898,53
25.0862,-1.71273,51
25.3977,-1.4504,52
26.3378,-1.43578,54
27.0064,-1.42794,55
72.0045,-21.3093,171
55.1965,-2.52101,111
27.9974,-1.38316,57
28.485,-1.35557,58
29.0242,-1.32852,59
29.5566,-1.29966,60
30.0703,-1.01496,61
30.575,-0.990413,62
74.9076,-21.2848,177
31.5442,-1.22284,64
32.1358,-1.21854,65
32.5772,-1.21515,66
33.1727,-0.962921,67
33.6369,-1.21115,68
33.6369,-1.21115,68
34.5878,-1.2063,70
35.4949,-1.1803,72
35.4949,-1.1803,72
35.9836,-0.905568,73
36.4754,-0.865172,74
37.05,-0.81992,75
72.386,-21.3112,172
37.05,-0.81992,75
38.7174,-0.708022,78
39.1542,-0.694843,79
39.6,-0.678391,80
40.1461,-0.671144,81
40.6326,-0.670087,82
41.304,-0.671351,83
41.7731,-0.673309,84
70.0541,-21.2323,167
42.964,-0.6778,86
42.3748,-0.674392,85
71.5716,-21.302,170
44.9181,-0.688385,90
44.9181,-0.688385,90
44.9181,-0.688385,90
72.0045,-21.3093,171
46.3512,-0.712822,93
46.8889,-0.720169,94
47.4777,-0.730048,95
72.0045,-21.3093,171
47.9246,-0.739495,96
55.1965,-2.52101,111
72.386,-21.3112,172
72.386,-21.3112,172
50.4834,-0.781071,101
72.0045,-21.3093,171
72.386,-21.3112,172
51.9546,-1.18695,104
52.3203,-1.24542,105
52.8958,-1.35506,106
53.2784,-1.67691,107
53.7934,-1.79372,108
54.1759,-2.13969,109
54.9249,-2.18544,110
55.1965,-2.52101,111
55.5868,-2.92394,112
55.9904,-3.08557,113
56.7181,-3.81162,115
56.7181,-3.81162,115
56.9286,-4.19054,116
56.9286,-4.19054,116
57.714,-4.84185,118
57.9388,-5.34845,119
58.3895,-5.93177,121
58.3895,-5.93177,121
59.2402,-7.3262,124
59.2402,-7.3262,124
59.4327,-7.56512,125
59.4327,-7.56512,125
59.9673,-8.44099,127
59.9673,-8.44099,127
60.3366,-9.42547,129
60.6024,-10.004,130
60.3629,-10.3688,131
60.8337,-11.3316,133
60.8337,-11.3316,133
60.8337,-11.3316,133
61.3759,-12.387,135
61.4448,-12.7269,136
61.4448,-12.7269,136
61.716,-13.7112,138
62.0582,-14.2609,139
62.0819,-14.6705,140
62.2645,-15.1903,141
62.3745,-15.6228,142
62.7606,-16.0684,143
62.9503,-16.7383,144
62.9503,-16.7383,144
63.3466,-17.6593,146
63.4601,-18.0843,147
63.339,-18.5428,148
63.7248,-19.0739,149
64.1615,-19.5886,150
64.2438,-19.855,151
64.6679,-20.4021,152
64.5732,-20.6171,153
64.7375,-20.7554,154
64.9247,-20.862,155
65.2053,-20.9677,156
65.289,-20.9645,157
65.289,-20.9645,157
66.9215,-21.0701,160
66.9215,-21.0701,160
67.6604,-21.0998,162
68.1454,-21.1223,163
68.6609,-21.1564,164
68.6609,-21.1564,164
70.0541,-21.2323,167
69.5704,-21.2074,166
70.0541,-21.2323,167
70.0541,-21.2323,167
70.9712,-21.2808,169
70.9712,-21.2808,169
72.0045,-21.3093,171
72.386,-21.3112,172
72.7947,-21.3114,173
73.9481,-21.2881,175
73.9481,-21.2881,175
74.5712,-21.2862,176
74.9076,-21.2848,177
75.4776,-21.2829,178
76.3056,-21.285,180
75.9646,-21.5342,179
77.7732,-21.5927,183
78.2753,-21.6427,184
78.2753,-21.6427,184
78.2753,-21.6427,184
78.609,-21.6812,185
78.609,-21.6812,185
79.5102,-22.0022,186
80.2216,-22.582,188
80.4555,-22.9429,189
80.5294,-23.3013,190
80.5294,-23.3013,190
80.8934,-23.5249,191
81.1604,-23.8551,192
81.3412,-23.9416,193
83.0108,-24.31,196
83.0108,-24.31,196
83.3895,-24.5739,197
83.779,-24.6168,198
84.5346,-24.6837,199
84.9228,-24.4527,200
84.9228,-24.4527,200
85.9617,-24.7228,202
86.3828,-24.4879,203
86.8709,-24.4484,204
87.1223,-24.4489,206
87.1223,-24.4489,206
87.2606,-24.1205,208
87.2606,-24.1205,208
87.5695,-23.8421,209
87.6579,-22.9233,211
87.6579,-22.9233,211
87.8334,-22.335,212
87.9966,-21.8346,213
73.9481,-21.2881,175
87.2938,-24.3742,207
87.2606,-24.1205,208
87.2938,-24.3742,207
87.2938,-24.3742,207
87.2606,-24.1205,208
87.2606,-24.1205,208
87.2938,-24.3742,207
87.2938,-24.3742,207
87.8627,-16.3136,224
87.8024,-15.7747,225
87.2938,-24.3742,207
87.5695,-23.8421,209
87.2606,-24.1205,208
78.2753,-21.6427,184
87.8372,-13.7419,229
87.9565,-13.2564,230
87.9088,-12.6444,231
88.0449,-11.8064,233
88.051,-11.1873,234
88.051,-10.6795,235
88.0449,-11.8064,233
87.97,-10.1404,236
88.2034,-9.59734,237
88.0666,-8.79781,239
88.0356,-8.27971,240
87.9762,-7.72553,241
87.9316,-7.16813,242
87.9316,-7.16813,242
88.0888,-6.31665,244
88.1583,-5.81679,245
82.529,-24.2515,195
88.1104,-5.20823,246
87.9182,-4.33637,248
87.9182,-4.33637,248
87.7594,-4.04153,250
87.7594,-4.04153,250
87.6455,-3.82846,251
87.2647,-3.72405,252
86.9684,-3.5264,253
75.4776,-21.2829,178
86.1013,-3.20653,255
85.4741,-3.3997,256
87.2606,-24.1205,208
84.6289,-3.15142,258
87.2938,-24.3742,207
87.2606,-24.1205,208
87.2938,-24.3742,207
82.6593,-3.48141,262
87.2606,-24.1205,208
87.2606,-24.1205,208
87.2606,-24.1205,208
87.2938,-24.3742,207
87.2606,-24.1205,208
87.2606,-24.1205,208
79.0108,-3.24421,269
78.6512,-3.26093,270
87.2606,-24.1205,208
87.5695,-23.8421,209
87.2606,-24.1205,208
76.5668,-3.36561,274
76.1993,-3.38349,275
87.2606,-24.1205,208
75.1893,-3.41724,277
87.2606,-24.1205,208
87.5695,-23.8421,209
87.5695,-23.8421,209
73.0666,-3.98172,281
72.5844,-4.00465,282
87.6248,-23.4232,210
71.082,-4.73599,285
71.082,-4.73599,285
70.9675,-4.94755,286
70.3036,-5.21386,287
69.9066,-5.52494,288
69.3434,-5.75277,289
69.1112,-6.00125,290
68.8787,-6.24501,291
87.6579,-22.9233,211
67.8309,-6.76893,293
67.448,-7.15412,294
66.7868,-7.42409,295
66.6857,-7.6589,296
65.9767,-7.98733,297
65.5582,-8.45004,298
65.4688,-8.42355,299
65.1923,-9.06869,300
64.7856,-9.39428,301
64.3299,-9.63831,302
64.1408,-9.99561,303
63.6394,-10.3546,304
63.3773,-10.7379,305
63.3773,-10.7379,305
62.7069,-11.4417,307
62.3742,-11.6306,308
61.8493,-12.0014,309
61.6927,-12.3769,310
32.6013,-23.2007,383
32.6013,-23.2007,383
32.6013,-23.2007,383
59.7734,-13.4116,314
59.446,-13.6207,315
58.8357,-13.6464,316
58.5009,-13.8239,317
57.9703,-14.0887,318
88.0666,-8.79781,239
57.2394,-14.497,320
56.747,-14.472,321
56.2458,-14.7433,322
55.9709,-14.9543,323
55.2168,-15.0558,324
87.9316,-7.16813,242
88.0888,-6.31665,244
33.028,-22.1239,380
32.6013,-23.2007,383
32.6013,-23.2007,383
33.028,-22.1239,380
32.9326,-22.6295,381
51.3064,-15.7245,332
32.6013,-23.2007,383
32.6013,-23.2007,383
33.028,-22.1239,380
33.028,-22.1239,380
32.5359,-23.1656,382
32.5359,-23.1656,382
32.5359,-23.1656,382
32.5359,-23.1656,382
33.028,-22.1239,380
32.9326,-22.6295,381
33.028,-22.1239,380
34.6928,-17.8278,371
32.6013,-23.2007,383
34.6928,-17.8278,371
32.6013,-23.2007,383
32.5359,-23.1656,382
33.028,-22.1239,380
58.8357,-13.6464,316
62.9007,-11.0754,306
45.9002,-16.4054,343
-2.13834,-31.941,462
34.9001,-17.2285,369
-4.23494,-32.2002,466
32.6013,-23.2007,383
-6.06993,-32.1776,470
32.6013,-23.2007,383
32.6013,-23.2007,383
33.9165,-19.4175,374
34.6553,-17.3929,370
32.6013,-23.2007,383
32.6013,-23.2007,383
32.6013,-23.2007,383
33.9753,-19.938,375
33.028,-22.1239,380
33.9753,-19.938,375
34.6553,-17.3929,370
34.6553,-17.3929,370
33.9165,-19.4175,374
33.9165,-19.4175,374
33.9753,-19.938,375
33.4481,-21.2596,378
33.4481,-21.2596,378
33.1635,-21.7815,379
33.028,-22.1239,380
32.9326,-22.6295,381
32.5359,-23.1656,382
32.6013,-23.2007,383
32.3388,-23.2445,384
32.9326,-22.6295,381
31.2461,-23.6482,386
32.6013,-23.2007,383
32.6013,-23.2007,383
29.9704,-23.9556,389
32.6013,-23.2007,383
28.7187,-23.6608,391
28.4703,-23.6367,392
27.9092,-23.8475,393
27.5133,-23.8223,394
32.6013,-23.2007,383
26.3206,-23.7005,396
25.9277,-23.6428,397
25.2913,-23.5295,398
24.9524,-23.4591,399
24.5031,-23.3784,400
24.2024,-23.3291,401
32.6013,-23.2007,383
32.6013,-23.2007,383
32.6013,-23.2007,383
21.5122,-23.0757,406
21.5122,-23.0757,406
-20.7457,-31.5829,499
27.9092,-23.8475,393
34.2716,-18.5925,372
18.9783,-23.278,411
18.6823,-23.2921,412
17.9863,-23.1013,413
35.0685,-16.923,368
16.5541,-23.2082,416
15.9998,-23.2427,417
15.6366,-23.2678,418
15.6366,-23.2678,418
32.6013,-23.2007,383
14.9462,-23.3016,419
34.9001,-17.2285,369
-25.3053,-31.6498,508
-21.7631,-31.5938,501
12.6826,-23.4089,424
12.6826,-23.4089,424
12.0693,-23.4352,425
11.1814,-23.4732,427
10.7461,-23.4753,428
10.1513,-23.4532,429
9.60247,-23.4208,430
9.19893,-23.396,431
8.62088,-23.3728,432
32.6013,-23.2007,383
7.65469,-23.4568,434
32.6013,-23.2007,383
32.6013,-23.2007,383
6.58676,-24.1896,437
32.6013,-23.2007,383
32.5359,-23.1656,382
32.5359,-23.1656,382
4.98145,-25.484,441
4.5562,-26.546,443
4.5562,-26.546,443
4.29217,-26.8727,444
3.98513,-27.3859,445
3.90983,-28.2151,447
34.9001,-17.2285,369
3.37546,-29.1805,449
3.06574,-29.5798,450
32.5359,-23.1656,382
2.6557,-30.2571,452
35.1375,-16.7915,367
1.50282,-31.031,454
32.6013,-23.2007,383
32.6013,-23.2007,383
32.6013,-23.2007,383
-0.246211,-31.8159,458
-0.508144,-31.9486,459
-1.02109,-32.1051,460
-1.55141,-32.1909,461
-1.55141,-32.1909,461
-2.62052,-31.9123,463
-3.25602,-31.8996,464
-3.75115,-31.9243,465
-4.23494,-32.2002,466
-4.72161,-31.9711,467
33.028,-22.1239,380
32.6013,-23.2007,383
32.5359,-23.1656,382
32.6013,-23.2007,383
32.6013,-23.2007,383
31.2461,-23.6482,386
-8.69604,-31.9591,475
-61.1179,-38.2704,582
-8.69604,-31.9591,475
-9.88074,-31.8702,477
-9.88074,-31.8702,477
-10.1953,-31.845,478
-11.7864,-31.7669,481
-3.75115,-31.9243,465
-11.7864,-31.7669,481
-13.4015,-31.7792,484
-2.13834,-31.941,462
-3.75115,-31.9243,465
-14.3182,-31.7883,486
-4.72161,-31.9711,467
-4.23494,-32.2002,466
-4.23494,-32.2002,466
-17.0187,-31.6941,491
-16.3766,-31.7251,490
-55.2619,-38.1874,570
-17.2553,-31.6739,492
-18.3971,-31.6073,494
-4.72161,-31.9711,467
-18.915,-31.586,495
-19.9042,-31.5797,497
-19.9042,-31.5797,497
-20.4712,-31.5808,498
-21.3752,-31.5883,500
-23.343,-31.5936,504
-22.4033,-31.597,502
-22.4033,-31.597,502
-23.343,-31.5936,504
-23.7446,-31.6057,505
-24.3209,-31.6219,506
-24.3209,-31.6219,506
-24.955,-31.6112,507
-45.3464,-38.192,550
-26.3313,-32.0352,510
-26.3313,-32.0352,510
-0.508144,-31.9486,459
-27.2383,-32.2209,512
-27.5241,-32.4512,513
-28.0217,-32.8412,514
-61.1179,-38.2704,582
-29.5481,-33.3042,517
1.50282,-31.031,454
-8.69604,-31.9591,475
-3.75115,-31.9243,465
-31.2386,-34.1766,521
-31.2386,-34.1766,521
-31.7839,-34.2095,522
-32.3056,-34.7304,523
-4.72161,-31.9711,467
-6.06993,-32.1776,470
-33.3537,-35.1184,526
-34.6702,-35.4875,528
-34.6702,-35.4875,528
-3.25602,-31.8996,464
-35.2176,-35.843,530
-35.9855,-35.9134,531
-4.23494,-32.2002,466
-37.3156,-36.6235,534
-37.9223,-36.6592,535
-38.5065,-37.0034,536
-38.8169,-37.1896,537
-39.0928,-37.3916,538
-39.8948,-37.3959,539
-40.374,-37.5066,540
-40.374,-37.5066,540
-40.6854,-37.5635,541
-41.3771,-37.64,542
-41.8164,-37.6989,543
-42.237,-37.7585,544
-42.9454,-37.5767,545
-43.2286,-37.8704,546
-43.7209,-37.9296,547
-44.4263,-37.7649,548
-44.4263,-37.7649,548
-45.3464,-38.192,550
-41.3771,-37.64,542
-47.2539,-38.2039,554
-46.6526,-38.1642,553
-49.9434,-38.0893,559
-48.7122,-38.1416,557
-48.7122,-38.1416,557
-49.2536,-38.1164,558
-49.9434,-38.0893,559
-50.729,-38.0522,561
-50.3107,-38.0691,560
-60.1603,-38.0237,580
-51.6944,-38.2805,563
-51.1667,-38.0343,562
-61.1179,-38.2704,582
-52.8214,-38.0612,565
-53.6994,-37.9928,567
-54.2348,-37.9442,568
-54.2348,-37.9442,568
-54.9176,-38.1776,569
-55.8512,-38.1878,571
-55.8512,-38.1878,571
-56.8607,-37.9372,573
-56.8607,-37.9372,573
-57.1939,-38.2002,574
-59.4957,-38.0315,579
-58.0988,-37.9901,576
-58.6503,-38.2654,577
-59.2376,-38.284,578
-59.4957,-38.0315,579
-60.1603,-38.0237,580
-60.4601,-38.0224,581
-61.1179,-38.2704,582
-61.4816,-37.9894,583
-62.3367,-37.9224,585
-31.2386,-34.1766,521
-63.0013,-38.153,586
-65.5123,-38.169,591
-104.469,-37.9055,668
-65.1049,-38.159,590
-65.5123,-38.169,591
-65.822,-38.133,592
-118.639,-38.1195,696
-49.9434,-38.0893,559
-67.3656,-38.0672,595
-82.7863,-38.043,625
-61.1179,-38.2704,582
-50.3107,-38.0691,560
-69.5458,-38.0747,599
-70.1076,-38.0839,600
-70.431,-38.0916,601
-71.0406,-38.106,602
-71.3508,-38.117,603
-110.201,-38.2369,680
-72.4978,-38.1339,605
-72.8257,-38.1353,606
-116.442,-38.1566,692
-74.1498,-38.1355,608
-112.995,-38.1021,685
-75.4359,-38.1336,611
-117.388,-38.1321,694
-76.0766,-38.129,612
-76.3187,-38.1262,613
-66.9383,-38.0718,594
-78.0267,-38.1157,616
-78.0267,-38.1157,616
-78.4785,-38.1103,617
-79.1131,-38.1028,618
-79.529,-38.0962,619
-130.549,-38.0579,721
-80.7154,-38.0759,621
-81.0352,-38.0693,622
-81.7893,-38.0592,623
-82.2949,-38.051,624
-82.7863,-38.043,625
-133.034,-37.996,726
-134.553,-38.0418,729
-127.464,-38.1129,714
-84.7542,-38.0496,629
-85.3058,-38.0603,630
-86.1657,-38.0823,632
-86.1657,-38.0823,632
-86.9142,-38.1084,633
-86.1657,-38.0823,632
-87.7536,-38.1511,635
-88.3843,-38.151,636
-88.7646,-38.146,637
-89.0085,-38.1422,638
-96.8764,-38.1198,653
-90.4472,-38.1178,640
-90.8943,-38.1102,641
-91.2697,-38.1039,642
-92.3109,-38.0801,644
-92.8646,-38.0641,645
-93.3502,-38.0542,646
-93.9053,-38.0566,647
-63.6139,-37.981,587
-94.2248,-38.0622,648
-94.6481,-38.0682,649
-95.8946,-38.0918,651
-95.8946,-38.0918,651
-96.4442,-38.107,652
-96.8764,-38.1198,653
-97.4178,-38.1364,654
-97.4178,-38.1364,654
-98.3941,-38.1386,656
-99.0135,-38.1157,657
-99.4472,-38.0849,658
-99.4472,-38.0849,658
-100.306,-38.0243,660
-100.306,-38.0243,660
-102.454,-38.2123,664
-100.306,-38.0243,660
-103.067,-38.2131,665
-103.067,-38.2131,665
-104.069,-38.1725,667
-104.069,-38.1725,667
-105.062,-37.8868,669
-105.481,-37.8689,670
-159.848,-37.5756,780
-106.361,-38.1522,672
-106.961,-38.207,673
-107.253,-38.2334,674
-108.105,-38.0205,675
-111.332,-38.1325,682
-108.773,-38.0323,677
-153.027,-37.8794,766
-109.842,-38.2645,679
-110.201,-38.2369,680
-110.714,-38.1892,681
-111.332,-38.1325,682
-113.854,-38.1335,687
-112.375,-38.0886,684
-112.995,-38.1021,685
-113.49,-38.1195,686
-113.854,-38.1335,687
-114.43,-38.1562,688
-114.762,-38.1702,689
-105.481,-37.8689,670
-123.527,-38.0335,707
-116.442,-38.1566,692
-161.374,-37.8673,783
-117.051,-38.1366,693
-161.719,-37.8763,784
-118.639,-38.1195,696
-118.639,-38.1195,696
-119.206,-38.1155,698
-121.547,-38.1468,702
-121.795,-38.1436,703
-122.858,-38.0726,705
-122.235,-38.1169,704
-121.795,-38.1436,703
-121.795,-38.1436,703
-124.47,-38.0301,708
-123.239,-38.0502,706
-123.527,-38.0335,707
-122.235,-38.1169,704
-137.964,-38.0667,736
-123.527,-38.0335,707
-125.873,-38.0614,711
-126.415,-38.08,712
-126.75,-38.0905,713
-127.464,-38.1129,714
-127.464,-38.1129,714
-128.074,-38.1374,716
-128.722,-38.1199,717
-129.28,-38.1043,718
-129.885,-38.0854,719
-130.202,-38.0725,720
-132.069,-37.9889,724
-131.114,-38.0325,722
-131.424,-38.0157,723
-132.069,-37.9889,724
-88.3843,-38.151,636
-133.034,-37.996,726
-133.598,-38.0135,727
-134.209,-38.0292,728
-134.553,-38.0418,729
-135.195,-38.065,730
-135.195,-38.065,730
-136.141,-38.0686,732
-136.141,-38.0686,732
-137.037,-37.8084,734
-137.397,-38.0585,735
-137.397,-38.0585,735
-139.742,-38.1502,740
-167.6,-37.8104,795
-139.387,-38.149,739
-139.387,-38.149,739
-139.387,-38.149,739
-171.835,-37.6693,804
-140.899,-38.0586,742
-141.942,-37.9692,744
-141.395,-38.0141,743
-142.709,-37.9271,746
-143.311,-37.921,747
-144.069,-37.9092,748
-144.388,-37.902,749
-144.878,-37.8924,750
-145.382,-37.8858,751
-145.951,-37.8767,752
-146.263,-37.8705,753
-146.263,-37.8705,753
-147.397,-37.8572,755
-148.206,-37.8489,757
-148.206,-37.8489,757
-148.955,-37.8476,758
-149.588,-37.8503,759
-133.598,-38.0135,727
-150.462,-37.8538,761
-151.42,-37.8627,763
-151.42,-37.8627,763
-151.912,-37.8657,764
-153.475,-37.8903,767
-153.027,-37.8794,766
-153.475,-37.8903,767
-153.772,-37.9001,768
-154.514,-37.9074,769
-154.954,-37.9096,770
-155.717,-37.9185,771
-156.022,-37.9229,772
-156.623,-37.9101,773
-156.972,-37.894,774
-157.332,-37.8783,775
-158.147,-37.85,776
-158.147,-37.85,776
-158.902,-37.8349,778
-161.374,-37.8673,783
-161.719,-37.8763,784
-161.719,-37.8763,784
-161.374,-37.8673,783
-159.848,-37.5756,780
-161.719,-37.8763,784
-162.801,-37.8897,786
-163.296,-37.8651,787
-163.296,-37.8651,787
-164.001,-37.5925,788
-164.617,-37.5862,789
-164.617,-37.5862,789
-165.996,-37.8635,792
-167.6,-37.8104,795
-166.597,-37.8614,793
-166.911,-37.8438,794
-176.126,-37.7072,812
-168.039,-37.7934,796
-168.552,-37.7717,797
-168.871,-37.7542,798
-125.442,-38.0479,710
-169.872,-37.6961,800
-159.464,-37.8267,779
-171.224,-37.6724,802
-182.044,-37.6642,824
-171.835,-37.6693,804
-166.597,-37.8614,793
-165.996,-37.8635,792
-166.597,-37.8614,793
-174.038,-37.7084,808
-175.44,-37.7146,811
-175.44,-37.7146,811
-176.126,-37.7072,812
-176.126,-37.7072,812
-176.488,-37.7046,813
-176.488,-37.7046,813
-177.983,-37.5188,816
-177.983,-37.5188,816
-178.533,-37.7901,817
-180.015,-37.5372,820
-180.015,-37.5372,820
-180.51,-37.5421,821
-180.51,-37.5421,821
-180.956,-37.5743,822
-182.044,-37.6642,824
-182.044,-37.6642,824
-182.044,-37.6642,824
-182.044,-37.6642,824
-183.449,-37.8902,827
-183.927,-37.8473,828
-184.48,-37.7803,829
-184.699,-37.487,830
-185.959,-37.4323,832
-186.289,-37.6871,833
-186.587,-37.6881,834
-187.512,-37.6662,835
-196.026,-37.5846,852
-188.933,-37.625,838
-189.47,-37.612,839
-188.933,-37.625,838
-189.982,-37.6033,840
-189.982,-37.6033,840
-190.489,-37.5952,841
-191.246,-37.5953,842
-191.8,-37.5957,844
-189.982,-37.6033,840
-191.8,-37.5957,844
-193.335,-37.5862,847
-193.335,-37.5862,847
-194.38,-37.5888,849
-194.38,-37.5888,849
-182.33,-37.6798,825
-195.601,-37.571,851
-196.917,-37.6075,854
-196.451,-37.5997,853
-230.589,-14.6801,962
-198.097,-37.5687,856
-198.592,-37.5279,857
-198.779,-37.5006,858
-199.467,-37.4621,859
-230.589,-14.6801,962
-200.447,-37.4984,861
-200.994,-37.5301,862
-200.447,-37.4984,861
-202.178,-37.2664,864
-202.612,-37.4964,865
-174.999,-37.7212,810
-204.103,-37.445,868
-203.043,-37.4708,866
-230.67,-14.0964,963
-204.595,-37.4427,869
-205.224,-37.4478,870
-205.224,-37.4478,870
-206.135,-37.4435,872
-206.757,-37.4332,873
-207.133,-37.4269,874
-207.705,-37.1713,875
-208.168,-37.1756,876
-209.12,-37.4739,878
-209.12,-37.4739,878
-209.668,-37.2411,879
-209.668,-37.2411,879
-210.681,-37.2433,881
-211.366,-37.2409,882
-211.484,-37.2404,883
-212.268,-37.2454,884
-212.71,-37.2523,885
-213.275,-37.2629,886
-213.892,-37.275,887
-214.835,-37.5396,889
-214.835,-37.5396,889
-213.892,-37.275,887
-215.734,-37.4682,891
-216.25,-37.4135,892
-216.675,-37.3401,893
-217.254,-37.2679,894
-217.847,-37.1744,895
-218.213,-37.1256,896
-218.638,-37.0767,897
-219.243,-37.0459,898
-219.74,-37.0268,899
-220.747,-37.0056,901
-220.747,-37.0056,901
-221.373,-37.0025,902
-221.373,-37.0025,902
-222.088,-36.998,904
-226.727,-36.8432,913
-223.269,-36.953,906
-224.257,-36.9194,908
-220.747,-37.0056,901
-224.793,-36.6327,909
-225.279,-36.5717,910
-226.078,-36.807,912
-216.675,-37.3401,893
-230.398,3.11037,997
-227.384,-36.824,914
-227.766,-36.7543,915
-228.288,-36.5495,916
-198.779,-37.5006,858
-229.308,-35.7551,919
-229.56,-35.2514,920
-229.56,-35.2514,920
-230.662,-23.3468,945
-229.864,-34.308,922
-230.217,-33.6996,924
-230.217,-33.6996,924
-230.228,-32.6398,926
-230.294,-32.2062,927
-230.294,-32.2062,927
-230.267,-31.5914,928
-230.267,-31.5914,928
-230.223,-30.6172,930
-230.417,-30.0909,931
-230.637,-29.6769,932
-230.785,-28.8141,934
-230.785,-28.8141,934
-230.692,-28.1579,935
-230.702,-27.6052,936
-230.853,-26.723,938
-230.674,-26.2059,939
-230.674,-26.2059,939
-230.674,-26.2059,939
-230.767,-27.064,937
-230.853,-26.723,938
-230.674,-26.2059,939
-230.863,-22.2842,947
-230.674,-26.2059,939
-230.294,-32.2062,927
-230.863,-22.2842,947
-230.863,-22.2842,947
-230.294,-32.2062,927
-230.668,-20.4298,950
-230.294,-32.2062,927
-230.001,34.1523,1059
-230.674,-26.2059,939
-230.785,-28.8141,934
-230.674,-26.2059,939
-230.674,-26.2059,939
-230.818,-21.6727,948
-230.294,-32.2062,927
-230.674,-26.2059,939
-230.294,-32.2062,927
-230.294,-32.2062,927
-230.674,-26.2059,939
-230.674,-26.2059,939
-230.674,-26.2059,939
-230.674,-26.2059,939
-230.674,-26.2059,939
-230.294,-32.2062,927
-230.853,-26.723,938
-230.108,33.0946,1057
-230.294,-32.2062,927
-230.674,-26.2059,939
-230.294,-32.2062,927
-230.294,-32.2062,927
-230.087,36.5404,1064
-230.294,-32.2062,927
-230.67,-14.0964,963
-230.217,-33.6996,924
-230.03,24.0252,1039
-230.453,45.6987,1086
-230.863,-22.2842,947
-229.973,37.8796,1067
-230.528,-10.9309,969
-230.347,-9.13605,973
-230.597,-9.57578,972
-230.597,-9.57578,972
-230.597,-9.57578,972
-230.563,-8.47091,974
-230.276,-7.88823,975
-230.384,-7.38279,976
-230.416,-6.80442,977
-230.439,-6.51442,978
-230.476,-5.9233,979
-230.469,-5.48557,980
-230.487,-4.88001,981
-230.487,-4.88001,981
-230.488,-4.39965,982
-230.385,-3.56382,984
-230.385,-3.56382,984
-230.385,-2.94939,985
-230.284,-1.89778,987
-230.487,-1.37351,988
-230.49,-0.884682,989
-230.49,-0.884682,989
-230.616,0.0940485,991
-230.486,0.918445,993
-230.54,1.73362,994
-230.54,1.73362,994
-230.484,2.02877,995
-230.19,2.79265,996
-230.19,2.79265,996
-230.304,4.19174,999
-230.304,4.19174,999
-230.316,4.69818,1000
-230.287,4.94127,1001
-230.287,5.53628,1002
-230.287,5.53628,1002
-230.281,6.12283,1003
-230.36,7.01572,1005
-230.338,7.99157,1007
-230.338,7.99157,1007
-230.302,8.31212,1008
-230.31,8.92333,1009
-230.163,9.43512,1010
-230.426,10.6774,1012
-230.426,10.6774,1012
-230.371,11.5134,1014
-230.371,11.5134,1014
-230.371,11.5134,1014
-230.225,12.6406,1016
-230.255,13.7062,1018
-230.255,13.7062,1018
-230.305,14.54,1020
-230.305,14.54,1020
-230.148,15.1634,1021
-230.426,15.7864,1022
-230.426,15.7864,1022
-230.121,16.8259,1024
-230.173,16.3034,1023
-230.045,17.6456,1026
-230.053,18.2857,1027
-230.053,18.2857,1027
-230.045,17.6456,1026
-229.985,19.1681,1029
-230.105,21.7124,1034
-230.063,21.1525,1033
-230.105,21.7124,1034
-230.165,22.0134,1035
-230.165,22.0134,1035
-230.169,22.62,1036
-230.186,23.101,1037
-230.007,23.6463,1038
-230.19,2.79265,996
-230.054,24.8261,1040
-230.109,29.5925,1050
-229.908,30.1564,1051
-230.041,29.0033,1049
-229.908,30.1564,1051
-229.887,30.9468,1053
-230.165,33.3389,1058
-229.908,30.1564,1051
-229.894,30.4182,1052
-230.041,29.0033,1049
-229.908,30.1564,1051
-229.908,30.1564,1051
-230.108,33.0946,1057
-229.887,30.9468,1053
-230.108,33.0946,1057
-230.021,32.5309,1056
-230.021,32.5309,1056
-230.108,33.0946,1057
-230.165,33.3389,1058
-230.001,34.1523,1059
-229.819,34.9735,1061
-230.068,35.4604,1062
-230.001,34.1523,1059
-230.087,36.5404,1064
-230.087,36.5404,1064
-229.897,36.8205,1065
-229.924,37.3527,1066
-229.924,37.3527,1066
-229.973,37.8796,1067
-229.897,36.8205,1065
-229.783,39.8302,1071
-229.897,36.8205,1065
-229.924,37.3527,1066
-229.783,39.8302,1071
-229.894,30.4182,1052
-229.924,37.3527,1066
-229.889,42.1634,1076
-230.106,43.7282,1079
-230.106,43.7282,1079
-229.897,36.8205,1065
-269.447,35.3216,1192
-230.003,44.4665,1081
-229.897,36.8205,1065
-229.924,37.3527,1066
-230.055,34.4429,1060
-230.106,43.7282,1079
-230.212,45.7572,1085
-230.453,45.6987,1086
-230.517,45.7948,1087
-230.945,45.8199,1088
-230.054,24.8261,1040
-230.667,45.9893,1090
-231.322,45.7239,1091
-235.655,45.9093,1101
-231.733,45.7657,1092
-236.036,46.2516,1102
-232.468,46.3714,1094
-233.023,46.5278,1095
-255.346,34.9497,1164
-233.636,46.2489,1097
-234.38,46.152,1098
-255.346,34.9497,1164
-255.346,34.9497,1164
-260.898,35.1121,1175
-269.447,35.3216,1192
-236.913,46.4302,1103
-236.913,46.4302,1103
-236.036,46.2516,1102
-238.813,46.0638,1107
-269.447,35.3216,1192
-269.447,35.3216,1192
-239.933,46.28,1109
-240.251,46.2885,1110
-269.447,35.3216,1192
-269.447,35.3216,1192
-269.447,35.3216,1192
-269.869,35.3814,1193
-269.447,35.3216,1192
-269.447,35.3216,1192
-269.447,35.3216,1192
-244.653,46.4545,1119
-230.148,27.1321,1045
-229.908,30.1564,1051
-230.001,34.1523,1059
-229.924,37.3527,1066
-269.447,35.3216,1192
-256.367,35.0657,1166
-260.004,35.1674,1173
-258.508,35.1582,1170
-229.887,30.9468,1053
-229.997,31.5105,1054
-230.019,41.3452,1074
-248.034,45.3148,1131
-247.712,45.2956,1132
-247.329,43.4948,1136
-247.329,43.4948,1136
-247.329,43.4948,1136
-247.299,43.1916,1137
-247.466,42.6892,1138
-273.741,35.2464,1201
-247.488,41.8691,1140
-247.667,41.0586,1141
-247.666,40.5813,1142
-247.697,39.7976,1144
-247.697,39.7976,1144
-248.129,39.3261,1145
-248.259,38.8194,1146
-248.492,37.9887,1148
-248.492,37.9887,1148
-248.602,37.5494,1149
-249.237,37.1921,1150
-249.305,36.9746,1151
-252.66,34.903,1159
-267.657,35.1223,1189
-275.008,35.1919,1203
-260.898,35.1121,1175
-264.942,35.3377,1183
-263.297,35.3341,1180
-252.66,34.903,1159
-252.66,34.903,1159
-253.572,34.8253,1161
-255.346,34.9497,1164
-254.218,35.0913,1162
-254.784,34.8975,1163
-255.68,34.9949,1165
-269.869,35.3814,1193
-257.535,35.1319,1168
-257.535,35.1319,1168
-257.894,35.1442,1169
-258.508,35.1582,1170
-258.508,35.1582,1170
-258.997,35.1678,1171
-259.61,35.1744,1172
-260.004,35.1674,1173
-260.472,35.1395,1174
-269.869,35.3814,1193
-261.382,35.0814,1176
-261.382,35.0814,1176
-262.761,35.0383,1179
-262.353,35.2708,1178
-263.297,35.3341,1180
-269.869,35.3814,1193
-264.494,35.1095,1182
-264.942,35.3377,1183
-269.869,35.3814,1193
-265.904,35.29,1185
-269.869,35.3814,1193
-269.869,35.3814,1193
-267.323,35.1535,1188
-267.657,35.1223,1189
-267.323,35.1535,1188
-267.323,35.1535,1188
-267.323,35.1535,1188
-269.869,35.3814,1193
-270.814,35.3875,1195
-270.814,35.3875,1195
-270.513,35.143,1194
-269.869,35.3814,1193
-269.869,35.3814,1193
-272.724,35.2859,1199
-264.942,35.3377,1183
-274.378,35.2205,1202
-274.378,35.2205,1202
-275.008,35.1919,1203
-272.724,35.2859,1199
-275.892,35.1544,1205
-276.612,35.1571,1206
-270.513,35.143,1194
-277.989,35.1813,1209
-272.724,35.2859,1199
-280.001,35.2109,1213
-279.011,35.1975,1211
-279.817,35.2077,1212
-280.001,35.2109,1213
-280.731,35.2152,1214
-280.731,35.2152,1214
-281.703,35.2335,1216
-269.869,35.3814,1193
-267.323,35.1535,1188
-283.616,35.2658,1220
-284.46,35.2612,1221
-259.61,35.1744,1172
-284.46,35.2612,1221
-285.218,35.2526,1223
-285.218,35.2526,1223
-286.082,35.2401,1225
-286.898,35.2325,1226
-287.321,35.2304,1227
-288.433,35.2048,1229
-287.751,35.2226,1228
-288.811,35.1876,1230
-289.311,35.1611,1231
-290.267,35.1421,1233
-290.267,35.1421,1233
-290.267,35.1421,1233
-290.641,35.1352,1234
-292.488,35.153,1237
-291.863,35.1374,1236
-292.488,35.153,1237
-294.19,35.2128,1241
-293.652,35.1939,1240
-293.652,35.1939,1240
-294.19,35.2128,1241
-294.19,35.2128,1241
-295.525,35.2569,1243
-295.933,35.2623,1244
-296.552,35.248,1245
-296.808,35.236,1246
-297.691,35.2044,1247
-298.071,35.1851,1248
-298.484,35.1661,1249
-300.057,35.1894,1252
-298.785,35.1631,1250
-300.057,35.1894,1252
-300.057,35.1894,1252
-301.442,34.9835,1255
-301.442,34.9835,1255
-300.429,35.1988,1253
-302.833,35.1198,1258
-301.984,35.0146,1256
-303.382,35.1931,1259
-304.034,35.2606,1260
-304.564,35.2851,1261
-304.768,35.2336,1262
-343.945,34.7478,1340
-305.974,35.1105,1264
-342.626,34.8198,1337
-306.871,34.8887,1266
-307.359,34.8243,1267
-307.631,34.5428,1268
-344.583,34.7452,1341
-308.648,34.8233,1270
-336.122,34.9484,1324
-308.23,34.7838,1269
-320.426,34.8542,1292
-311.582,34.8516,1275
-350.388,34.7226,1353
-350.388,34.7226,1353
-312.574,34.7865,1277
-311.956,34.8226,1276
-313.296,34.7475,1279
-313.296,34.7475,1279
-314.549,34.7574,1281
-314.549,34.7574,1281
-315.898,34.781,1284
-315.898,34.781,1284
-316.439,34.7942,1285
-316.439,34.7942,1285
-317.579,34.8215,1287
-317.579,34.8215,1287
-318.698,34.8494,1289
-319.135,34.858,1290
-319.135,34.858,1290
-320.426,34.8542,1292
-320.426,34.8542,1292
-320.734,34.8543,1293
-321.782,34.8387,1295
-322.36,34.8251,1296
-322.861,34.8099,1297
-322.861,34.8099,1297
-323.743,34.7811,1299
-349.587,34.8081,1351
-324.372,34.7622,1300
-325.296,34.7396,1302
-325.296,34.7396,1302
-325.614,34.7405,1303
-326.839,34.7423,1305
-327.216,34.7355,1306
-327.824,34.9581,1307
-328.298,34.6836,1308
-328.545,34.6726,1309
-329.697,34.9149,1311
-329.697,34.9149,1311
-330.326,34.8755,1312
-330.326,34.8755,1312
-331.24,34.7909,1314
-331.895,34.7372,1315
-332.18,34.716,1316
-333.211,34.7248,1318
-332.615,34.7078,1317
-333.587,34.7528,1319
-334.084,34.7898,1320
-335.063,34.6145,1322
-335.063,34.6145,1322
-335.483,34.6489,1323
-336.833,34.736,1325
-336.833,34.736,1325
-337.189,34.9772,1326
-335.063,34.6145,1322
-338.043,34.6851,1328
-338.567,34.6459,1329
-339.047,34.8554,1330
-339.684,34.857,1331
-340.522,34.8729,1333
-341.111,34.8772,1334
-341.111,34.8772,1334
-341.61,34.867,1335
-313.296,34.7475,1279
-386.371,33.5104,1426
-342.985,34.7919,1338
-343.484,34.7616,1339
-344.583,34.7452,1341
-345.145,34.7454,1342
-345.577,34.748,1343
-346.075,34.7517,1344
-346.075,34.7517,1344
-346.637,34.7569,1345
-347.141,34.7609,1346
-348.016,34.7702,1348
-348.435,34.7734,1349
-349.129,34.7815,1350
-349.129,34.7815,1350
-347.699,34.7663,1347
-346.637,34.7569,1345
-351.004,35.0286,1354
-351.004,35.0286,1354
-351.4,34.7694,1355
-352.478,34.7424,1357
-353.038,34.7379,1358
-353.461,34.7345,1359
-354.023,34.7357,1360
-354.023,34.7357,1360
-354.997,34.7427,1362
-355.547,34.7493,1363
-356.77,34.7625,1365
-356.276,34.7566,1364
-357.002,34.7649,1366
-357.632,34.7721,1367
-358.621,34.7813,1369
-358.621,34.7813,1369
-359.283,34.7878,1370
-359.583,34.7904,1371
-360.129,34.7924,1372
-360.687,35.0416,1373
-361.099,35.0392,1374
-361.632,34.7691,1375
-361.632,34.7691,1375
-362.286,34.7082,1376
-362.625,34.6601,1377
-363.63,34.9083,1379
-363.63,34.9083,1379
-364.755,34.4833,1381
-365.212,34.7745,1382
-365.755,34.811,1383
-365.755,34.811,1383
-366.829,34.8333,1385
-366.829,34.8333,1385
-367.178,35.0638,1386
-367.77,34.7602,1387
-368.757,34.9019,1389
-368.947,34.9117,1390
-368.947,34.9117,1390
-370.204,34.9791,1392
-370.485,35.1517,1393
-371.058,35.3776,1394
-371.431,35.2894,1395
-371.431,35.2894,1395
-372.37,35.4588,1397
-373.89,35.2817,1400
-373.457,35.3617,1399
-373.89,35.2817,1400
-374.472,35.4252,1401
-374.763,35.3696,1402
-375.309,35.2622,1403
-375.309,35.2622,1403
-376.473,35.0215,1405
-376.771,34.9443,1406
-377.385,34.8181,1407
-377.73,34.7468,1408
-377.73,34.7468,1408
-378.292,34.9279,1409
-379.826,34.5724,1412
-379.826,34.5724,1412
-380.034,34.3256,1413
-380.942,33.9342,1415
-381.524,33.6376,1416
-382.069,33.3928,1417
-382.788,33.4765,1419
-382.788,33.4765,1419
-382.788,33.4765,1419
-383.32,33.2244,1420
-383.621,33.5212,1421
-384.17,33.5963,1422
-383.621,33.5212,1421
-384.763,33.648,1423
-385.686,33.5865,1425
-386.371,33.5104,1426
-386.614,33.4653,1427
-387.164,33.4093,1428
-387.774,33.3739,1429
-388.493,33.3687,1430
-389.514,33.4308,1432
-389.514,33.4308,1432
-389.957,33.462,1433
-389.957,33.462,1433
-391.033,33.295,1435
-391.736,33.6026,1437
-391.736,33.6026,1437
-392.777,33.6181,1439
-392.411,33.6162,1438
-393.454,33.621,1440
-393.714,33.6203,1441
-394.32,33.6176,1442
-394.756,33.6162,1443
-395.254,33.6128,1444
-395.254,33.6128,1444
-396.059,33.5977,1445
-396.317,33.5822,1446
-397.4,33.5691,1448
-397.948,33.585,1449
-397.948,33.585,1449
-398.502,33.617,1450
-399.433,33.7089,1452
-399.433,33.7089,1452
-400.055,33.728,1453
-400.839,33.7062,1455
-401.189,33.6817,1456
-402.055,33.6582,1457
-402.055,33.6582,1457
-403.022,33.6805,1459
-403.022,33.6805,1459
-404.327,33.7451,1462
-404.075,33.7211,1461
-404.327,33.7451,1462
-406.371,33.738,1466
-406.371,33.738,1466
-406.371,33.738,1466
-406.371,33.738,1466
-407.408,33.8249,1468
-407.408,33.8249,1468
-407.408,33.8249,1468
-407.408,33.8249,1468
-408.908,33.8195,1471
-409.493,33.8012,1472
-409.855,33.7845,1473
-410.991,33.7837,1475
-410.991,33.7837,1475
-410.991,33.7837,1475
-413.913,33.8679,1481
-412.667,33.8372,1478
-413.665,33.862,1480
-413.913,33.8679,1481
-413.913,33.8679,1481
-415.476,33.8821,1484
-415.156,33.8797,1483
-415.91,33.8848,1485
-416.27,33.8852,1486
-416.27,33.8852,1486
-417.565,33.8833,1488
-417.828,33.8781,1489
-418.307,33.874,1490
-419.143,33.8862,1491
-419.471,33.8904,1492
-420.073,33.8974,1493
-420.451,33.8974,1494
-420.799,33.9018,1495
-421.424,33.9117,1496
-421.97,33.9214,1497
-422.603,33.9282,1498
-423.04,33.931,1499
-423.462,33.914,1500
-423.73,33.8503,1501
-425.68,33.7557,1504
-424.862,33.57,1503
-425.68,33.7557,1504
-426.059,33.7114,1505
-426.059,33.7114,1505
-426.461,33.6672,1506
-427.396,33.5168,1508
-426.461,33.6672,1506
-427.396,33.5168,1508
-429.003,33.2539,1511
-429.003,33.2539,1511
-429.44,33.1724,1512
-429.44,33.1724,1512
-432.503,32.9169,1518
-431.618,33.0956,1516
-432.157,33.0108,1517
-432.157,33.0108,1517
-432.825,32.8498,1519
-433.447,32.8531,1520
-433.447,32.8531,1520
-433.748,32.9964,1521
-434.815,33.2765,1523
-434.815,33.2765,1523
-435.25,33.5066,1524
-436.184,34.0134,1526
-436.548,34.182,1527
-438.173,34.1676,1530
-437.759,34.1291,1529
-437.759,34.1291,1529
-438.173,34.1676,1530
-439.251,34.2532,1532
-439.251,34.2532,1532
-439.808,34.2716,1533
-440.236,34.2834,1534
-440.861,34.2992,1535
-441.431,34.311,1536
-441.742,34.317,1537
-443.093,34.3288,1539
-443.47,34.3326,1540
-443.773,34.3349,1541
-443.773,34.3349,1541
-443.773,34.3349,1541
-444.965,34.3502,1543
-445.469,34.3531,1544
-445.469,34.3531,1544
-446.522,34.3591,1546
-447.027,34.3672,1547
-447.33,34.3783,1548
-448.705,34.4135,1550
-447.904,34.3936,1549
-448.705,34.4135,1550
-449.821,34.4452,1552
-450.197,34.4547,1553
-450.388,34.4638,1554
-451.135,34.4861,1555
-452.444,34.5195,1558
-451.856,34.5077,1557
-453.504,34.5499,1560
-452.939,34.5335,1559
-453.504,34.5499,1560
-454.413,34.5698,1562
-455.542,34.5872,1564
-455.542,34.5872,1564
-456.051,34.5957,1565
-456.051,34.5957,1565
-456.609,34.6069,1566
-457.536,34.6591,1568
-457.536,34.6591,1568
-458.081,34.6852,1569
-459.131,34.7322,1571
-459.889,34.5349,1573
-459.889,34.5349,1573
-458.643,34.7081,1570
-430.605,32.9866,1514
-517.201,32.2676,1686
-517.201,32.2676,1686
-426.461,33.6672,1506
-464.11,34.9649,1581
-461.4,34.69,1576
-460.978,34.6381,1575
-460.978,34.6381,1575
-457.536,34.6591,1568
-462.006,34.7762,1577
-463.504,34.9489,1580
-465.919,34.8615,1585
-465.919,34.8615,1585
-466.909,34.7845,1587
-467.701,34.7341,1588
-467.701,34.7341,1588
-468.35,34.7067,1590
-468.975,34.6974,1591
-469.471,34.692,1592
-470.036,34.6919,1593
-470.413,34.6917,1594
-471.111,34.6891,1595
-471.462,34.6884,1596
-472.321,34.6802,1597
-472.577,34.6769,1598
-473.067,34.6728,1599
-473.547,34.6696,1600
-474.116,34.6564,1601
-474.654,34.6363,1602
-474.841,34.6258,1603
-475.649,34.8397,1604
-476.593,34.6839,1606
-477.081,34.606,1607
-477.391,34.549,1608
-477.391,34.549,1608
-478.419,34.4321,1610
-478.419,34.4321,1610
-479.037,34.4075,1611
-479.037,34.4075,1611
-480.03,34.4381,1613
-481.001,34.4722,1615
-481.001,34.4722,1615
-481.986,34.4806,1617
-481.986,34.4806,1617
-481.986,34.4806,1617
-483.05,34.4376,1619
-483.61,34.4072,1620
-484.089,34.3805,1621
-484.646,34.3426,1622
-484.089,34.3805,1621
-486.016,34.2605,1624
-486.448,34.2478,1625
-486.448,34.2478,1625
-486.886,34.2411,1626
-487.321,34.2401,1627
-488.199,34.2385,1629
-490.142,34.2541,1633
-489.76,34.2501,1632
-490.142,34.2541,1633
-490.142,34.2541,1633
-493.946,34.0775,1640
-489.138,34.2447,1631
-491.988,34.1295,1636
-491.988,34.1295,1636
-492.339,34.0965,1637
-492.339,34.0965,1637
-493.946,34.0775,1640
-491.988,34.1295,1636
-495.787,34.1078,1643
-495.787,34.1078,1643
-497.265,34.0573,1646
-496.895,34.0762,1645
-497.265,34.0573,1646
-497.754,34.0301,1647
-497.754,34.0301,1647
-498.106,34.005,1648
-499.418,33.8902,1650
-499.717,33.8512,1651
-500.086,33.8047,1652
-500.086,33.8047,1652
-501.436,33.654,1654
-501.721,33.6017,1655
-502.286,33.775,1656
-502.888,33.6761,1657
-503.236,33.613,1658
-503.672,33.5169,1659
-503.672,33.5169,1659
-504.268,33.4202,1660
-505.471,33.555,1662
-505.471,33.555,1662
-506.545,33.2428,1664
-506.906,33.1865,1665
-506.906,33.1865,1665
-507.873,33.2599,1667
-508.433,33.23,1668
-508.878,32.9616,1669
-509.387,33.1948,1670
-509.817,33.1789,1671
-510.41,33.1632,1672
-510.71,33.1533,1673
-511.392,33.1415,1674
-511.879,32.8832,1675
-512.14,33.1276,1676
-512.809,33.1244,1677
-513.291,33.1255,1678
-513.291,33.1255,1678
-514.58,33.1053,1680
-514.58,33.1053,1680
-514.884,33.0781,1681
-515.768,32.8802,1683
-515.768,32.8802,1683
-516.42,32.6663,1684
-516.643,32.5172,1685
-517.762,32.3713,1687
-517.762,32.3713,1687
-519.463,32.1849,1690
-518.724,32.2726,1689
-519.463,32.1849,1690
-519.762,32.1191,1691
-520.67,31.9644,1693
-521.666,31.9136,1695
-521.666,31.9136,1695
-522.147,31.9943,1696
-522.512,32.1597,1697
-522.916,32.4522,1698
-523.271,32.4418,1699
-523.309,32.5798,1700
-523.48,33.0042,1701
-523.432,33.2269,1702
-523.415,33.6883,1703
-523.428,34.3053,1704
-523.264,34.7623,1705
-523.222,35.3382,1706
-523.178,35.837,1707
-523.157,36.3757,1708
-523.224,36.9485,1709
-522.999,37.3748,1710
-523.088,37.8302,1711
-522.969,38.4099,1712
-522.994,38.7465,1713
-522.796,39.3367,1714
-522.765,39.7813,1715
-522.516,40.1497,1716
-522.324,40.7413,1717
-522.242,41.3016,1718
-522.202,41.6975,1719
-521.958,42.2026,1720
-522.051,42.7354,1721
-522.057,43.1824,1722
-522.14,43.8616,1723
-522.097,44.1525,1724
-522.004,44.6969,1725
-522.031,45.1185,1726
-522.079,45.5837,1727
-522.079,45.5837,1727
-522.145,46.1622,1728
-522.145,46.1622,1728
-522.282,46.608,1729
-522.186,48.1649,1732
-522.479,48.5828,1733
-522.145,46.1622,1728
-522.145,46.1622,1728
-523.221,59.5488,1756
-523.131,53.4727,1743
-523.014,59.883,1758
-523.014,59.883,1758
-522.479,48.5828,1733
-523.014,59.883,1758
-522.826,60.0118,1759
-522.826,60.0118,1759
-522.826,60.0118,1759
-522.834,60.2317,1760
-522.826,60.0118,1759
-522.986,55.4398,1747
-522.826,60.0118,1759
-522.826,60.0118,1759
-523.08,56.882,1750
-522.826,60.0118,1759
-522.826,60.0118,1759
-522.826,60.0118,1759
-523.184,59.0448,1754
-523.228,59.6138,1755
-523.221,59.5488,1756
-523.014,59.883,1758
-522.826,60.0118,1759
-522.826,60.0118,1759
-522.834,60.2317,1760
-522.448,60.1136,1761
-521.656,60.463,1763
-520.959,60.5179,1764
-520.959,60.5179,1764
-520.408,60.5158,1765
-519.986,60.2596,1766
-519.156,60.2495,1768
-519.532,60.5051,1767
-520.959,60.5179,1764
-517.396,60.2504,1771
-518.414,60.2416,1769
-518.414,60.2416,1769
-515.918,60.2867,1774
-515.918,60.2867,1774
-515.918,60.2867,1774
-515.354,60.3106,1775
-513.755,60.6316,1778
-513.552,60.3755,1779
-512.911,60.3181,1780
-512.372,60.293,1781
-511.952,60.5246,1782
-511.452,60.2749,1783
-510.738,60.2989,1784
-510.25,60.324,1785
-510.071,60.5704,1786
-509.541,60.6287,1787
-508.851,60.7076,1788
-508.851,60.7076,1788
-507.87,60.7234,1790
-507.87,60.7234,1790
-506.952,60.722,1792
-505.804,60.7453,1794
-506.952,60.722,1792
-505.804,60.7453,1794
-505.358,60.76,1795
-504.372,60.7817,1797
-503.96,60.7782,1798
-503.378,60.7688,1799
-503.378,60.7688,1799
-502.714,60.7545,1800
-502.289,60.7433,1801
-501.203,60.725,1803
-500.322,60.7135,1805
-502.289,60.7433,1801
-500.322,60.7135,1805
-500.322,60.7135,1805
-499.141,60.6856,1807
-498.102,60.6635,1809
-500.322,60.7135,1805
-487.466,60.6426,1830
-496.704,60.6342,1812
-496.142,60.6238,1813
-496.142,60.6238,1813
-495.43,60.3605,1814
-495.43,60.3605,1814
-494.167,60.6743,1817
-493.04,60.7137,1819
-492.376,60.7021,1820
-492.376,60.7021,1820
-492.376,60.7021,1820
-491.392,60.6767,1822
-491.392,60.6767,1822
-491.035,60.6655,1823
-491.035,60.6655,1823
-490.197,60.405,1824
-489.327,60.6675,1826
-488.879,60.6745,1827
-488.879,60.6745,1827
-487.884,60.6568,1829
-487.466,60.6426,1830
-486.826,60.6193,1831
-487.466,60.6426,1830
-486.826,60.6193,1831
-483.871,60.3124,1837
-484.379,60.2925,1836
-483.871,60.3124,1837
-483.871,60.3124,1837
-483.871,60.3124,1837
-481.513,60.6144,1842
-486.524,60.6077,1832
-481.513,60.6144,1842
-481.513,60.6144,1842
-480.431,60.3116,1844
-479.878,60.5557,1845
-479.688,60.3043,1846
-479.688,60.3043,1846
-478.496,60.2928,1848
-478.204,60.293,1849
-477.768,60.551,1850
-477.033,60.5644,1851
-476.567,60.5717,1852
-476.567,60.5717,1852
-475.61,60.3172,1854
-475.168,60.3004,1855
-474.681,60.2893,1856
-473.885,60.2925,1857
-473.612,60.293,1858
-473.612,60.293,1858
-472.437,60.5293,1860
-472.437,60.5293,1860
-471.459,60.2404,1862
-471.459,60.2404,1862
-470.536,60.2076,1864
-470.126,60.203,1865
-469.528,60.2064,1866
-469.528,60.2064,1866
-469.027,60.2141,1867
-468.35,60.222,1868
-468.022,60.2282,1869
-467.016,60.2446,1871
-464.915,60.2545,1875
-464.915,60.2545,1875
-464.915,60.2545,1875
-464.915,60.2545,1875
-464.915,60.2545,1875
-464.642,60.2515,1876
-464.105,60.226,1877
-463.349,60.1856,1878
-463.065,60.1818,1879
-461.901,60.1615,1881
-461.901,60.1615,1881
-461.415,60.1536,1882
-460.565,60.145,1884
-460.565,60.145,1884
-460.072,60.1391,1885
-459.428,60.1335,1886
-464.915,60.2545,1875
-460.565,60.145,1884
-466.524,60.2508,1872
-458.919,60.1302,1887
-457.279,60.1201,1890
-417.132,59.7834,1970
-440.151,60.1339,1924
-440.151,60.1339,1924
-448.577,59.8213,1907
-455.194,60.1138,1894
-454.638,60.1128,1895
-453.698,60.1087,1897
-453.698,60.1087,1897
-453.698,60.1087,1897
-452.257,60.0918,1900
-451.777,60.0843,1901
-451.239,60.0746,1902
-450.233,59.8057,1904
-450.233,59.8057,1904
-450.233,59.8057,1904
-449.178,60.0536,1906
-449.178,60.0536,1906
-448.146,60.0764,1908
-447.837,60.0809,1909
-447.041,60.0475,1910
-446.578,60.0241,1911
-446.578,60.0241,1911
-446.199,60.0232,1912
-445.678,59.7447,1913
-444.964,59.7166,1914
-444.585,59.7211,1915
-444.015,59.7455,1916
-443.556,59.7794,1917
-442.667,60.0698,1919
-442.667,60.0698,1919
-442.261,60.0715,1920
-441.807,60.0691,1921
-441.237,59.7998,1922
-441.807,60.0691,1921
-441.237,59.7998,1922
-441.807,60.0691,1921
-438.708,60.2158,1927
-390.445,60.2792,2026
-442.261,60.0715,1920
-442.261,60.0715,1920
-435.783,59.677,1933
-435.783,59.677,1933
-435.156,59.7015,1934
-435.156,59.7015,1934
-435.783,59.677,1933
-433.411,59.7364,1938
-433.639,59.9903,1937
-433.411,59.7364,1938
-432.663,59.7151,1939
-432.147,59.705,1940
-431.663,59.7256,1941
-431.384,59.7291,1942
-430.871,59.992,1943
-430.075,59.9866,1944
-429.097,59.6683,1947
-428.56,59.6273,1948
-429.097,59.6683,1947
-427.967,59.6066,1949
-428.56,59.6273,1948
-427.19,59.589,1950
-426.855,59.6049,1951
-425.808,59.6296,1953
-425.808,59.6296,1953
-425.808,59.6296,1953
-424.714,59.6071,1955
-424.203,59.8414,1956
-425.314,59.6211,1954
-423.87,59.5961,1957
-423.87,59.5961,1957
-423.248,59.3375,1958
-423.248,59.3375,1958
-425.314,59.6211,1954
-419.61,59.7504,1965
-421.109,59.6876,1962
-419.61,59.7504,1965
-419.61,59.7504,1965
-419.252,59.7627,1966
-419.252,59.7627,1966
-419.252,59.7627,1966
-417.132,59.7834,1970
-416.752,59.8031,1971
-416.752,59.8031,1971
-415.188,59.9027,1974
-414.685,59.9377,1975
-414.685,59.9377,1975
-414.685,59.9377,1975
-413.699,60.3007,1978
-413.699,60.3007,1978
-413.699,60.3007,1978
-413.699,60.3007,1978
-414.242,60.2333,1976
-413.699,60.3007,1978
-413.699,60.3007,1978
-409.649,59.716,1986
-393.194,60.3835,2020
-406.314,60.2311,1993
-406.314,60.2311,1993
-405.714,60.3059,1994
-405.714,60.3059,1994
-405.714,60.3059,1994
-408.664,59.6601,1988
-393.194,60.3835,2020
-395.304,60.3304,2016
-405.281,60.3357,1995
-404.891,60.3462,1996
-404.891,60.3462,1996
-405.714,60.3059,1994
-405.714,60.3059,1994
-402.766,60.3763,2000
-405.714,60.3059,1994
-401.876,60.6992,2002
-401.876,60.6992,2002
-401.876,60.6992,2002
-399.82,60.2329,2007
-399.82,60.2329,2007
-399.498,60.2323,2008
-399.093,60.24,2009
-398.239,60.2659,2010
-397.802,60.2747,2011
-397.489,60.2811,2012
-396.918,60.2924,2013
-396.537,60.3027,2014
-395.996,60.314,2015
-395.304,60.3304,2016
-394.807,60.3443,2017
-394.412,60.3532,2018
-393.729,60.384,2019
-393.729,60.384,2019
-393.194,60.3835,2020
-392.889,60.6217,2021
-392.319,60.3302,2022
-391.845,60.2876,2023
-391.366,60.277,2024
-390.445,60.2792,2026
-389.39,60.306,2028
-388.845,60.324,2029
-388.845,60.324,2029
-388.845,60.324,2029
-387.058,60.3749,2032
-387.058,60.3749,2032
-386.851,60.3777,2033
-386.851,60.3777,2033
-385.963,60.3932,2035
-385.649,60.3584,2036
-384.875,60.2628,2038
-384.384,60.2378,2039
-383.856,60.255,2040
-383.32,60.2697,2041
-383.32,60.2697,2041
-382.95,60.2862,2042
-382.542,60.3031,2043
-381.414,60.3473,2045
-382.007,60.3267,2044
-380.48,60.3903,2047
-380.48,60.3903,2047
-380.143,60.3899,2048
-379.192,60.4062,2050
-379.192,60.4062,2050
-379.192,60.4062,2050
-378.049,60.4253,2054
-378.114,60.4254,2052
-377.051,60.6656,2056
-377.051,60.6656,2056
-375.995,60.3759,2058
-375.533,60.3512,2059
-375.011,60.306,2060
-375.011,60.306,2060
-389.954,60.2891,2027
-374.385,60.2249,2063
-374.27,60.2389,2064
-374.141,60.2683,2065
-374.202,60.1941,2066
-374.202,60.1941,2066
-374.171,60.5227,2068
-372.46,82.5105,2120
-372.46,82.5105,2120
-372.46,82.5105,2120
-372.819,82.2846,2119
-372.209,83.0906,2121
-372.209,83.0906,2121
-373.975,62.5177,2074
-372.46,82.5105,2120
-372.966,82.1218,2118
-372.966,82.1218,2118
-372.966,82.1218,2118
-372.966,82.1218,2118
-372.46,82.5105,2120
-372.819,82.2846,2119
-372.819,82.2846,2119
-372.819,82.2846,2119
-372.46,82.5105,2120
-372.819,82.2846,2119
-372.819,82.2846,2119
-372.46,82.5105,2120
-373.992,69.3355,2092
-372.966,82.1218,2118
-372.966,82.1218,2118
-372.966,82.1218,2118
-372.966,82.1218,2118
-374.09,61.0777,2069
-372.966,82.1218,2118
-372.966,82.1218,2118
-373.532,73.2892,2100
-373.601,74.3207,2102
-373.507,75.3951,2104
-373.507,75.3951,2104
-373.574,75.9767,2105
-373.62,76.5208,2106
-373.418,76.9891,2107
-373.601,74.3207,2102
-373.502,77.6588,2108
-373.497,78.1767,2109
-372.966,82.1218,2118
-373.045,81.6303,2117
-373.135,79.3899,2112
-373.045,81.6303,2117
-373.045,81.6303,2117
-372.819,82.2846,2119
-372.966,82.1218,2118
-372.46,82.5105,2120
-372.46,82.5105,2120
-372.209,83.0906,2121
-372.209,83.0906,2121
-371.716,83.2563,2122
-323.371,86.404,2220
-370.42,83.51,2125
-370.42,83.51,2125
-369.536,83.8711,2127
-368.838,83.9449,2128
-368.308,84.007,2129
-367.853,84.0627,2130
-367.558,84.3314,2131
-338.874,85.5552,2188
-355.279,86.5908,2155
-365.356,84.5548,2135
-365.356,84.5548,2135
-365.004,84.8424,2136
-364.625,84.8688,2137
-342.482,85.9451,2181
-342.749,85.943,2180
-362.831,85.192,2140
-362.582,85.4474,2141
-361.849,85.5781,2142
-354.807,86.5692,2156
-361.32,85.6432,2143
-340.569,85.8579,2185
-354.807,86.5692,2156
-342.749,85.943,2180
-340.569,85.8579,2185
-368.308,84.007,2129
-365.356,84.5548,2135
-357.986,86.5849,2150
-322.171,86.4503,2222
-357.159,86.617,2152
-356.004,86.8845,2154
-355.279,86.5908,2155
-355.279,86.5908,2155
-354.436,86.5584,2157
-354.436,86.5584,2157
-353.401,86.5298,2159
-352.938,86.5147,2160
-352.938,86.5147,2160
-352.05,86.4974,2162
-351.577,86.4856,2163
-351.019,86.4691,2164
-350.543,86.2028,2165
-350.543,86.2028,2165
-350.131,86.4398,2166
-349.338,86.1599,2167
-349.121,86.162,2168
-347.902,86.13,2170
-347.902,86.13,2170
-347.591,86.1295,2171
-347.591,86.1295,2171
-346.53,86.1214,2173
-346.065,86.1175,2174
-344.341,86.0485,2177
-344.883,86.0743,2176
-344.341,86.0485,2177
-344.037,86.0377,2178
-343.345,85.9826,2179
-342.482,85.9451,2181
-342.482,85.9451,2181
-341.865,85.9069,2182
-341.305,85.6208,2183
-340.569,85.8579,2185
-340.569,85.8579,2185
-339.716,85.5945,2186
-339.376,85.5795,2187
-338.518,85.5388,2189
-338.157,85.5269,2190
-338.157,85.5269,2190
-337.548,85.5014,2191
-297.446,89.9574,2272
-336.663,85.4711,2193
-335.488,85.422,2195
-365.356,84.5548,2135
-335.182,85.4228,2196
-334.004,85.4043,2198
-334.004,85.4043,2198
-333.163,85.414,2200
-294.291,89.6868,2278
-332.07,85.449,2202
-354.098,86.8097,2158
-331.39,85.4683,2204
-330.588,85.525,2205
-340.569,85.8579,2185
-330.136,85.8054,2206
-340.569,85.8579,2185
-328.975,85.6279,2208
-328.69,85.8784,2209
-299.959,89.7072,2267
-355.279,86.5908,2155
-340.569,85.8579,2185
-296.609,89.6982,2274
-296.609,89.6982,2274
-294.001,89.6894,2279
-324.728,86.3726,2217
-325.687,86.339,2215
-323.681,86.4039,2219
-323.371,86.404,2220
-322.758,86.4267,2221
-322.171,86.4503,2222
-297.063,89.7039,2273
-321.745,86.4637,2223
-267.105,93.9877,2336
-298.63,89.712,2270
-327.063,85.9915,2212
-319.623,86.616,2227
-318.214,86.6968,2230
-318.214,86.6968,2230
-317.499,86.7647,2231
-317.499,86.7647,2231
-317.072,87.0713,2232
-318.214,86.6968,2230
-293.524,89.7033,2280
-294.001,89.6894,2279
-314.561,87.2575,2237
-314.561,87.2575,2237
-287.045,89.7008,2293
-313.108,87.5608,2240
-313.108,87.5608,2240
-311.984,87.5737,2242
-311.71,87.578,2243
-310.998,87.6126,2244
-310.593,87.6448,2245
-310.156,87.6608,2246
-309.417,87.7008,2248
-309.417,87.7008,2248
-309.417,87.7008,2248
-308.223,88.1259,2250
-294.001,89.6894,2279
-307.216,88.2777,2252
-307.216,88.2777,2252
-306.366,88.8633,2254
-305.909,88.9412,2255
-305.909,88.9412,2255
-305.321,89.0477,2256
-293.524,89.7033,2280
-290.278,89.7094,2286
-303.394,89.5881,2260
-302.789,89.6147,2261
-302.296,89.6463,2262
-302.296,89.6463,2262
-301.303,89.6849,2264
-301.303,89.6849,2264
-300.373,89.705,2266
-299.959,89.7072,2267
-299.341,89.7104,2268
-298.63,89.712,2270
-298.63,89.712,2270
-297.446,89.9574,2272
-297.446,89.9574,2272
-297.063,89.7039,2273
-295.88,89.6904,2275
-296.609,89.6982,2274
-295.88,89.6904,2275
-295.88,89.6904,2275
-294.291,89.6868,2278
-293.524,89.7033,2280
-293.524,89.7033,2280
-292.952,89.7182,2281
-292.42,89.7229,2282
-292.05,89.7233,2283
-292.05,89.7233,2283
-290.779,89.7098,2285
-290.278,89.7094,2286
-289.89,89.7069,2287
-289.373,89.7015,2288
-289.048,89.7019,2289
-288.43,89.701,2290
-287.997,89.7009,2291
-287.415,89.7007,2292
-286.523,89.7041,2294
-286.523,89.7041,2294
-285.896,89.7039,2295
-285.406,89.7037,2296
-284.889,89.7038,2297
-284.36,89.7042,2298
-284.017,89.7045,2299
-283.146,89.7071,2300
-282.768,89.708,2301
-282.203,89.7103,2302
-281.649,89.7135,2303
-281.347,89.7151,2304
-280.798,89.7189,2305
-280.435,89.7204,2306
-279.894,89.7242,2307
-279.221,89.7314,2308
-278.775,89.7366,2309
-277.732,89.7566,2311
-277.732,89.7566,2311
-277.191,89.7734,2312
-276.525,89.8061,2313
-276.214,89.8127,2314
-275.694,90.0932,2315
-275.283,90.0944,2316
-275.694,90.0932,2315
-274.171,89.8816,2318
-273.655,90.1494,2319
-273.342,90.1522,2320
-293.524,89.7033,2280
-272.825,90.1682,2321
-271.244,90.2424,2324
-271.715,89.9543,2323
-270.751,90.3066,2325
-270.751,90.3066,2325
-270.324,90.6349,2326
-270.751,90.3066,2325
-269.522,91.1232,2328
-266.457,130.61,2409
-266.468,130.232,2408
-267.22,120.823,2390
-266.998,121.384,2391
-267.353,93.2946,2334
-267.322,93.4959,2335
-267.105,93.9877,2336
-267.105,93.9877,2336
-266.164,99.8389,2348
-266.596,95.4628,2339
-266.164,99.8389,2348
-266.536,96.3554,2341
-266.536,96.3554,2341
-266.164,99.8389,2348
-266.32,100.208,2349
-266.164,99.8389,2348
-266.164,99.8389,2348
-266.164,99.8389,2348
-266.32,100.208,2349
-266.32,100.208,2349
-266.236,100.785,2350
-266.236,100.785,2350
-266.303,101.846,2352
-266.352,102.354,2353
-266.438,102.864,2354
-266.435,103.311,2355
-266.435,103.902,2356
-266.435,103.902,2356
-266.502,104.752,2358
-266.598,105.149,2359
-266.419,105.731,2360
-266.55,106.31,2361
-266.599,106.83,2362
-266.164,99.8389,2348
-266.164,99.8389,2348
-266.164,99.8389,2348
-266.905,108.881,2366
-266.905,108.881,2366
-266.811,109.875,2368
-266.806,110.224,2369
-266.806,110.224,2369
-266.86,111.207,2371
-266.859,111.681,2372
-266.86,111.207,2371
-266.834,112.689,2374
-267.001,113.136,2375
-267.066,113.71,2376
-266.775,114.138,2377
-266.855,114.664,2378
-266.904,115.216,2379
-266.896,115.737,2380
-266.995,116.061,2381
-267.045,116.516,2382
-267.042,117.306,2383
-267.065,117.644,2384
-267.059,118.201,2385
-267.189,119.349,2387
-267.189,119.349,2387
-267.189,119.349,2387
-267.203,120.254,2389
-267.22,120.823,2390
-266.998,121.384,2391
-267.012,121.94,2392
-266.984,122.225,2393
-266.984,122.225,2393
-266.618,124.179,2397
-266.823,123.889,2396
-266.618,124.179,2397
-266.652,124.675,2398
-266.652,124.675,2398
-266.652,124.675,2398
-266.652,124.675,2398
-266.652,124.675,2398
-266.618,124.179,2397
-266.618,124.179,2397
-266.618,124.179,2397
-266.736,129.131,2406
-266.618,124.179,2397
-266.441,131.118,2410
-266.457,130.61,2409
-266.441,131.118,2410
-266.618,124.179,2397
-266.457,130.61,2409
-266.395,131.992,2412
-266.09,133.79,2415
-266.09,133.79,2415
-266.09,133.79,2415
-266.384,134.17,2416
-266.254,134.382,2417
-265.909,135.854,2420
-265.909,135.854,2420
-266.182,136.599,2421
-266.065,137.451,2423
-266.065,137.451,2423
-266.09,133.79,2415
-266.468,130.232,2408
-266.09,133.79,2415
-266.003,138.997,2426
-265.9,177.695,2504
-265.9,177.695,2504
-266.875,150.852,2450
-266.854,151.89,2452
-265.9,177.695,2504
-267.251,153.764,2456
-267.251,153.764,2456
-267.315,154.289,2457
-266.092,180.769,2510
-266.092,180.769,2510
-266.092,180.769,2510
-267.155,152.899,2454
-266.092,180.769,2510
-266.994,151.365,2451
-266.092,180.769,2510
-266.994,151.365,2451
-267.251,153.764,2456
-266.854,151.89,2452
-266.994,151.365,2451
-266.092,180.769,2510
-267.251,153.764,2456
-267.251,153.764,2456
-267.251,153.764,2456
-267.155,152.899,2454
-266.994,151.365,2451
-266.854,151.89,2452
-266.994,151.365,2451
-267.262,152.154,2453
-267.315,153.23,2455
-267.251,153.764,2456
-267.042,117.306,2383
-267.251,153.764,2456
-267.262,155.333,2459
-267.315,153.23,2455
-266.092,180.769,2510
-265.894,176.877,2502
-265.473,180.372,2509
-266.092,180.769,2510
-266.289,173.88,2496
-266.092,180.769,2510
-266.092,180.769,2510
-266.092,180.769,2510
-266.289,173.88,2496
-266.505,159.925,2468
-266.265,160.535,2469
-266.318,160.775,2470
-266.092,180.769,2510
-265.588,169.292,2487
-265.761,168.06,2484
-266.094,164.399,2477
-265.964,164.761,2478
-266.094,164.399,2477
-266.854,151.89,2452
-265.83,165.307,2479
-265.664,168.619,2486
-266.119,166.053,2480
-266.119,166.053,2480
-265.767,167.178,2482
-266.067,167.462,2483
-265.664,168.619,2486
-265.588,169.292,2487
-265.588,169.292,2487
-265.588,169.292,2487
-265.764,172.666,2494
-265.409,172.073,2493
-265.772,177.137,2503
-266.35,171.446,2491
-265.409,172.073,2493
-265.764,172.666,2494
-266.09,173.342,2495
-266.09,173.342,2495
-266.289,173.88,2496
-266.337,174.603,2497
-266.051,175.412,2499
-265.798,176.282,2501
-265.772,177.137,2503
-265.772,177.137,2503
-265.772,177.137,2503
-265.772,177.137,2503
-265.996,178.149,2505
-265.996,178.149,2505
-266.294,178.936,2506
-266.156,197.106,2543
-265.992,179.259,2507
-265.676,179.861,2508
-266.092,180.769,2510
-267.155,152.899,2454
-266.092,180.769,2510
-266.092,180.769,2510
-266.09,173.342,2495
-265.56,182.569,2514
-265.772,177.137,2503
-265.772,177.137,2503
-265.906,184.428,2518
-266.022,185.01,2519
-267.251,153.764,2456
-266.09,173.342,2495
-265.772,177.137,2503
-265.899,187.452,2524
-265.662,187.967,2525
-266.092,180.769,2510
-265.971,188.553,2526
-266.484,199.002,2547
-266.092,180.769,2510
-266.037,190.586,2530
-266.092,180.769,2510
-267.488,206.003,2561
-266.092,180.769,2510
-266.035,192.679,2534
-266.104,192.956,2535
-266.194,193.727,2536
-266.237,194.206,2537
-266.372,194.639,2538
-266.461,194.965,2539
-266.092,180.769,2510
-266.251,195.976,2541
-266.372,194.639,2538
-266.266,198.13,2545
-266.169,197.56,2544
-266.266,198.13,2545
-266.266,198.13,2545
-266.484,199.002,2547
-266.484,199.002,2547
-266.647,199.474,2548
-266.647,199.474,2548
-266.602,199.982,2549
-266.712,201.559,2552
-266.712,201.559,2552
-266.874,201.946,2553
-267.924,207.086,2563
-267.147,204.09,2557
-267.147,204.09,2557
-267.243,204.834,2558
-267.693,206.398,2562
-267.246,205.042,2559
-267.369,205.751,2560
-267.369,205.751,2560
-267.693,206.398,2562
-268.008,207.546,2564
-268.719,210.946,2571
-268.719,210.946,2571
-268.719,210.946,2571
-268.719,210.946,2571
-268.719,210.946,2571
-266.092,180.769,2510
-265.924,170.22,2489
-265.772,177.137,2503
-266.092,180.769,2510
-265.996,178.149,2505
-265.772,177.137,2503
-266.289,173.88,2496
-268.719,210.946,2571
-268.719,210.946,2571
-269.225,211.992,2573
-269.884,213.368,2576
-265.772,177.137,2503
-268.563,210.1,2569
-268.719,210.946,2571
-268.719,210.946,2571
-268.719,210.946,2571
-270.875,215.801,2581
-268.719,210.946,2571
-268.719,210.946,2571
-268.719,210.946,2571
-266.092,180.769,2510
-266.092,180.769,2510
-268.719,210.946,2571
-265.721,182.94,2515
-267.488,206.003,2561
-268.719,210.946,2571
-268.719,210.946,2571
-268.719,210.946,2571
-268.719,210.946,2571
-273.543,222.386,2595
-273.209,221.712,2594
-273.543,222.386,2595
-273.543,222.386,2595
-273.543,222.386,2595
-273.543,222.386,2595
-268.719,210.946,2571
-268.719,210.946,2571
-274.512,224.085,2599
-288.322,245.631,2650
-289.524,247.814,2655
-287.776,244.857,2648
-295.701,278.747,2719
-268.719,210.946,2571
-267.924,207.086,2563
-268.719,210.946,2571
-268.008,207.546,2564
-276.603,227.627,2608
-268.719,210.946,2571
-269.445,212.375,2574
-269.445,212.375,2574
-270.455,214.938,2579
-268.719,210.946,2571
-287.776,244.857,2648
-270.875,215.801,2581
-269.445,212.375,2574
-268.719,210.946,2571
-271.779,217.67,2585
-268.719,210.946,2571
-270.629,215.165,2580
-288.022,245.278,2649
-269.445,212.375,2574
-268.719,210.946,2571
-268.719,210.946,2571
-268.719,210.946,2571
-268.719,210.946,2571
-273.227,221.31,2593
-285.316,241.444,2640
-269.445,212.375,2574
-268.926,211.427,2572
-269.445,212.375,2574
-268.719,210.946,2571
-268.719,210.946,2571
-268.719,210.946,2571
-268.719,210.946,2571
-268.719,210.946,2571
-268.719,210.946,2571
-268.719,210.946,2571
-268.719,210.946,2571
-268.719,210.946,2571
-306.133,296.705,2763
-287.487,244.367,2647
-305.789,296.461,2762
-305.789,296.461,2762
-306.133,296.705,2763
-287.129,243.997,2646
-304.395,295.358,2759
-300.933,292.766,2750
-304.801,295.849,2760
-288.322,245.631,2650
-304.801,295.849,2760
-305.789,296.461,2762
-305.446,296.099,2761
-304.801,295.849,2760
-289.524,247.814,2655
-299.885,292.196,2748
-301.319,293.243,2751
-300.354,292.451,2749
-306.133,296.705,2763
-305.446,296.099,2761
-300.933,292.766,2750
-301.668,293.376,2752
-302.15,293.601,2753
-300.933,292.766,2750
-299.885,292.196,2748
-300.354,292.451,2749
-294.961,258.644,2679
-304.801,295.849,2760
-300.933,292.766,2750
-295.189,259.554,2681
-304.801,295.849,2760
-305.446,296.099,2761
-295.507,259.965,2682
-300.354,292.451,2749
-295.984,264.434,2691
-300.933,292.766,2750
-300.354,292.451,2749
-301.668,293.376,2752
-300.933,292.766,2750
-301.668,293.376,2752
-300.354,292.451,2749
-295.692,260.889,2684
-295.545,261.385,2685
-295.545,261.385,2685
-295.545,261.385,2685
-295.545,261.385,2685
-295.664,263.041,2688
-295.672,263.548,2689
-295.991,264.014,2690
-296.06,264.935,2692
-295.991,264.014,2690
-296.032,265.94,2694
-295.545,261.385,2685
-296.084,266.248,2695
-295.852,266.814,2696
-296.084,266.248,2695
-296.007,267.974,2698
-295.974,268.508,2699
-296.049,269.35,2701
-296.036,268.82,2700
-296.036,268.82,2700
-295.932,270.177,2703
-295.932,270.177,2703
-295.932,270.177,2703
-295.923,271.505,2705
-295.918,271.807,2706
-295.92,272.609,2707
-295.912,272.904,2708
-295.912,272.904,2708
-295.803,274.391,2711
-295.744,274.089,2710
-295.726,274.901,2712
-295.609,275.439,2713
-295.609,275.439,2713
-295.82,276.029,2714
-295.855,276.563,2715
-295.817,277.08,2716
-295.824,277.626,2717
-295.701,278.747,2719
-295.701,278.747,2719
-295.587,279.054,2720
-295.582,279.536,2721
-295.531,280.15,2722
-295.55,280.978,2724
-295.623,281.489,2725
-295.717,281.991,2726
-295.717,281.991,2726
-296.065,283.046,2728
-296.179,283.516,2729
-297.373,287.744,2738
-296.425,285.437,2733
-296.425,285.437,2733
-296.425,285.437,2733
-296.615,285.894,2734
-296.831,286.547,2735
-296.831,286.547,2735
-297.175,287.363,2737
-297.373,287.744,2738
-297.711,288.353,2739
-297.711,288.353,2739
-298.062,289.168,2741
-298.062,289.168,2741
-298.223,289.732,2742
-298.49,290.141,2743
-298.774,290.582,2744
-299.089,290.91,2745
-299.885,292.196,2748
-300.354,292.451,2749
-299.885,292.196,2748
-300.354,292.451,2749
-300.933,292.766,2750
-301.668,293.376,2752
-302.15,293.601,2753
-302.15,293.601,2753
-302.974,294.219,2755
-303.351,294.728,2756
-303.574,294.864,2757
-304.132,295.23,2758
-304.132,295.23,2758
-304.801,295.849,2760
-304.801,295.849,2760
-305.446,296.099,2761
-306.133,296.705,2763
-306.133,296.705,2763
-306.627,296.778,2764
-307.327,296.832,2765
-307.655,297.015,2766
-308.037,297.26,2767
-308.643,297.573,2768
-309.443,297.866,2770
-309.903,297.947,2771
-310.506,298.275,2772
-310.763,298.472,2773
-310.763,298.472,2773
-311.741,298.686,2775
-313.005,299.113,2777
-312.343,298.89,2776
-313.005,299.113,2777
-313.34,299.232,2778
-314.29,299.22,2780
-314.29,299.22,2780
-314.888,299.397,2781
-315.359,299.325,2782
-317.656,300.074,2787
-317.131,300.165,2786
-317.656,300.074,2787
-317.656,300.074,2787
-307.655,297.015,2766
-320.656,300.383,2793
-309.122,297.624,2769
-309.122,297.624,2769
-320.656,300.383,2793
-320.656,300.383,2793
-321.023,300.495,2794
-321.496,300.638,2795
-322.146,300.778,2796
-322.146,300.778,2796
-325.765,300.716,2803
-323.637,300.594,2799
-323.637,300.594,2799
-326.138,300.718,2804
-325.27,300.69,2802
-326.138,300.718,2804
-326.138,300.718,2804
-326.138,300.718,2804
-326.61,300.699,2805
-327.163,300.65,2806
-325.27,300.69,2802
-328.153,300.538,2808
-329.008,300.439,2810
-329.008,300.439,2810
-329.997,300.403,2812
-351.928,298.106,2937
-356.483,297.196,2927
-331.527,300.374,2815
-313.005,299.113,2777
-313.005,299.113,2777
-311.741,298.686,2775
-314.888,299.397,2781
-325.765,300.716,2803
-313.34,299.232,2778
-335.154,300.197,2822
-327.163,300.65,2806
-311.741,298.686,2775
-326.61,300.699,2805
-313.987,299.116,2779
-337.642,299.91,2827
-337.642,299.91,2827
-338.087,299.869,2828
-325.765,300.716,2803
-326.138,300.718,2804
-326.138,300.718,2804
-317.131,300.165,2786
-340.619,299.7,2833
-341.4,299.895,2835
-341.4,299.895,2835
-342.4,299.784,2837
-341.944,299.6,2836
-327.163,300.65,2806
-344.853,299.43,2842
-344.352,299.491,2841
-344.853,299.43,2842
-344.352,299.491,2841
-345.712,299.214,2844
-347.461,298.783,2847
-345.288,299.342,2843
-348.36,298.793,2849
-347.746,298.949,2848
-348.36,298.793,2849
-348.36,298.793,2849
-349.186,298.472,2851
-349.186,298.472,2851
-349.856,298.487,2852
-362.455,295.586,2914
-361.054,296.227,2918
-356.997,297.11,2926
-355.371,297.928,2930
-352.12,297.689,2857
-353.454,298.348,2934
-353.454,298.348,2934
-354.879,298.018,2931
-351.928,298.106,2937
-351.928,298.106,2937
-340.11,299.904,2961
-351.928,298.106,2937
-351.928,298.106,2937
-351.928,298.106,2937
-351.928,298.106,2937
-351.928,298.106,2937
-354.365,298.062,2932
-351.928,298.106,2937
-351.928,298.106,2937
-351.928,298.106,2937
-339.072,299.988,2963
-351.928,298.106,2937
-354.879,298.018,2931
-354.879,298.018,2931
-351.928,298.106,2937
-343.963,299.492,2953
-338.27,299.99,2965
-338.27,299.99,2965
-343.526,299.489,2954
-339.072,299.988,2963
-354.365,298.062,2932
-349.671,298.58,2942
-355.677,297.605,2929
-356.353,297.433,2928
-355.371,297.928,2930
-354.879,298.018,2931
-360.334,296.361,2919
-343.526,299.489,2954
-343.526,299.489,2954
-325.421,300.793,2991
-345.048,299.473,2951
-367.888,292.213,2893
-368.292,292.246,2894
-368.345,292.372,2895
-368.366,292.538,2896
-368.585,292.595,2897
-342.4,299.784,2837
-342.949,299.491,2955
-348.686,298.652,2944
-323.837,300.78,2994
-351.477,298.395,2938
-361.054,296.227,2918
-367.608,294.014,2904
-367.608,294.014,2904
-349.671,298.58,2942
-340.94,299.608,2959
-351.05,298.447,2939
-351.05,298.447,2939
-349.671,298.58,2942
-346.728,299.056,2948
-364.829,295.302,2910
-363.196,295.473,2913
-363.196,295.473,2913
-363.399,295.471,2912
-362.212,295.575,2915
-362.212,295.575,2915
-361.176,296.012,2917
-361.054,296.227,2918
-360.334,296.361,2919
-361.054,296.227,2918
-359.613,296.683,2921
-358.784,296.83,2922
-358.784,296.83,2922
-357.984,296.953,2924
-357.604,297.004,2925
-357.984,296.953,2924
-354.365,298.062,2932
-356.353,297.433,2928
-355.677,297.605,2929
-356.483,297.196,2927
-354.879,298.018,2931
-354.365,298.062,2932
-353.877,298.092,2933
-353.877,298.092,2933
-354.879,298.018,2931
-351.928,298.106,2937
-351.477,298.395,2938
-351.477,298.395,2938
-352.468,298.094,2936
-349.936,298.579,2941
-349.936,298.579,2941
-349.157,298.885,2943
-349.157,298.885,2943
-349.157,298.885,2943
-348.686,298.652,2944
-348.255,298.923,2945
-348.255,298.923,2945
-345.805,299.182,2949
-345.491,299.445,2950
-345.491,299.445,2950
-345.048,299.473,2951
-345.048,299.473,2951
-344.475,299.488,2952
-343.526,299.489,2954
-342.949,299.491,2955
-342.949,299.491,2955
-341.93,299.525,2957
-341.93,299.525,2957
-340.94,299.608,2959
-340.416,299.649,2960
-351.928,298.106,2937
-338.27,299.99,2965
-338.27,299.99,2965
-338.27,299.99,2965
-338.548,299.991,2964
-337.65,299.987,2966
-337.65,299.987,2966
-338.27,299.99,2965
-337.65,299.987,2966
-335.692,300.325,2970
-338.27,299.99,2965
-335.185,300.127,2971
-334.728,300.126,2972
-333.703,300.126,2974
-333.703,300.126,2974
-332.725,300.369,2976
-332.168,300.372,2977
-332.168,300.372,2977
-343.963,299.492,2953
-330.817,300.126,2980
-330.817,300.126,2980
-329.741,300.4,2982
-329.327,300.415,2983
-328.728,300.443,2984
-328.192,300.475,2985
-328.192,300.475,2985
-327.784,300.49,2986
-326.93,300.781,2988
-349.157,298.885,2943
-326.255,300.799,2989
-325.99,300.802,2990
-325.421,300.793,2991
-324.421,300.527,2993
-349.157,298.885,2943
-349.157,298.885,2943
-349.157,298.885,2943
-347.601,298.963,2946
-345.805,299.182,2949
-348.255,298.923,2945
-348.686,298.652,2944
-347.601,298.963,2946
-351.928,298.106,2937
-349.936,298.579,2941
-318.732,300.312,3004
-318.301,300.034,3005
-316.89,299.933,3008
-316.89,299.933,3008
-316.89,299.933,3008
-316.89,299.933,3008
-315.802,299.759,3010
-315.28,299.438,3011
-315.28,299.438,3011
-348.686,298.652,2944
-314.391,299.06,3013
-339.072,299.988,2963
-312.721,298.942,3016
-312.721,298.942,3016
-312.721,298.942,3016
-311.658,298.568,3018
-311.271,298.515,3019
-311.012,298.493,3020
-311.012,298.493,3020
-309.966,298.043,3022
-309.455,297.944,3023
-309.06,297.593,3024
-308.516,297.49,3025
-307.611,297.059,3027
-309.06,297.593,3024
-307.106,296.97,3028
-306.816,296.65,3029
-305.811,296.458,3031
-305.419,296.124,3032
-304.938,295.708,3033
-304.504,295.503,3034
-304.318,295.224,3035
-303.91,294.828,3036
-304.318,295.224,3035
-302.96,294.387,3038
-302.752,294.105,3039
-302.752,294.105,3039
-301.817,293.525,3041
-304.318,295.224,3035
-304.318,295.224,3035
-300.955,292.748,3043
-300.261,292.184,3045
-300.261,292.184,3045
-299.658,291.857,3046
-304.318,295.224,3035
-298.985,291.031,3048
-298.88,290.668,3049
-281.472,234.978,3171
-297.955,289.185,3053
-292.751,252.813,3128
-298.061,289.426,3052
-292.751,252.813,3128
-297.413,287.511,3056
-303.91,294.828,3036
-296.835,286.177,3059
-297.087,286.679,3058
-296.835,286.177,3059
-296.606,285.573,3060
-296.307,285.248,3061
-296.239,284.953,3062
-296.107,284.378,3063
-296.005,283.246,3065
-296.005,283.246,3065
-296.107,284.378,3063
-295.802,282.264,3067
-296.005,283.246,3065
-295.799,283.051,3066
-295.678,280.181,3072
-295.678,280.181,3072
-295.708,279.531,3073
-295.774,278.254,3076
-295.776,278.469,3075
-295.728,276.531,3079
-295.776,278.469,3075
-295.728,276.531,3079
-295.774,278.254,3076
-295.837,277.062,3078
-295.732,277.674,3077
-295.709,275.681,3081
-295.834,273.651,3085
-295.719,275.188,3082
-295.719,275.188,3082
-295.694,274.619,3083
-295.834,273.651,3085
-295.694,274.619,3083
-295.719,275.188,3082
-295.795,270.631,3091
-295.902,272.162,3088
-295.795,270.631,3091
-295.795,270.631,3091
-295.876,267.532,3097
-295.85,268.567,3095
-295.877,265.647,3101
-295.855,269.017,3094
-295.85,268.567,3095
-295.928,267.216,3098
-295.876,267.532,3097
-295.952,262.4,3107
-295.815,265,3102
-295.815,265,3102
-295.952,262.4,3107
-295.792,263.908,3104
-295.952,262.4,3107
-295.579,261.93,3108
-295.952,262.4,3107
-295.523,261.02,3110
-295.792,263.908,3104
-295.39,260.653,3111
-295.332,260.085,3112
-295.523,261.02,3110
-295.219,259.477,3113
-295.219,259.477,3113
-295.008,259.095,3114
-295.09,258.668,3115
-294.834,258.174,3116
-294.363,256.474,3120
-294.373,256.687,3119
-293.551,254.484,3124
-293.612,254.976,3123
-293.862,255.664,3122
-293.257,254.086,3125
-293.551,254.484,3124
-292.73,253.349,3127
-292.73,253.349,3127
-292.751,252.813,3128
-292.751,252.813,3128
-292.404,252.245,3129
-291.928,251.864,3130
-291.928,251.864,3130
-291.439,250.952,3132
-290.773,249.759,3135
-291.003,250.169,3134
-290.433,249.591,3136
-290.223,249.041,3137
-290.223,249.041,3137
-289.952,248.642,3138
-289.653,248.07,3139
-289.566,247.777,3140
-288.965,247.062,3141
-288.615,246.382,3143
-287.92,245.631,3145
-287.759,245.418,3146
-287.759,245.418,3146
-287.546,245.009,3147
-287.235,244.376,3148
-287.037,244.044,3149
-286.658,243.419,3150
-287.037,244.044,3149
-286.541,243.052,3151
-286.342,242.755,3152
-286.342,242.755,3152
-285.932,241.787,3154
-285.465,240.989,3156
-285.465,240.989,3156
-284.656,239.886,3159
-284.774,240.247,3158
-284.656,239.886,3159
-284.656,239.886,3159
-284.112,238.904,3161
-283.907,238.543,3162
-283.179,237.574,3164
-266.459,198.926,3250
-266.761,200.757,3246
-282.393,236.649,3167
-282.225,236.231,3168
-282.225,236.231,3168
-281.874,235.687,3169
-281.667,235.273,3170
-281.472,234.978,3171
-281.179,234.654,3172
-280.826,234.093,3173
-280.826,234.093,3173
-280.239,233.015,3175
-280.826,234.093,3173
-279.886,232.467,3176
-279.241,231.567,3179
-279.241,231.567,3179
-278.856,231.005,3180
-278.433,230.306,3182
-278.433,230.306,3182
-277.992,229.699,3183
-277.795,229.541,3184
-265.864,192.488,3263
-267.293,204.743,3238
-276.759,227.954,3188
-276.759,227.954,3188
-276.191,226.982,3190
-276.445,227.377,3189
-276.013,226.627,3191
-275.694,225.988,3192
-275.186,225.238,3194
-271.852,218.409,3209
-274.492,224.361,3196
-274.143,223.582,3198
-266.579,201.323,3245
-287.546,245.009,3147
-273.923,222.94,3199
-273.699,222.077,3201
-273.694,221.734,3202
-273.247,221.173,3203
-265.864,192.488,3263
-266.579,201.323,3245
-272.605,220.379,3205
-271.852,218.409,3209
-266.911,202.365,3243
-266.137,194.979,3258
-266.181,196.229,3255
-271.852,218.409,3209
-266.467,199.6,3248
-266.579,201.323,3245
-271.339,216.721,3213
-271.081,216.097,3214
-270.563,215.339,3216
-266.579,201.323,3245
-270.494,214.996,3217
-270.147,214.451,3218
-269.979,213.406,3220
-269.979,213.406,3220
-269.76,212.839,3221
-269.76,212.839,3221
-269.76,212.839,3221
-269.186,211.865,3223
-269.043,211.639,3224
-268.939,211.191,3225
-268.584,210.135,3227
-268.703,210.692,3226
-268.537,209.804,3228
-268.424,209.176,3229
-268.278,208.636,3230
-268.037,207.781,3231
-268.023,207.526,3232
-267.643,206.989,3234
-267.413,206.398,3235
-267.399,206.085,3236
-267.293,204.743,3238
-267.293,204.743,3238
-266.974,204.285,3239
-267.147,203.818,3240
-267.147,203.818,3240
-267.014,203.277,3241
-266.743,202.783,3242
-266.911,202.365,3243
-266.911,202.365,3243
-266.655,201.878,3244
-266.467,199.6,3248
-266.467,199.6,3248
-266.679,199.246,3249
-266.48,198.47,3251
-266.48,198.47,3251
-266.48,198.47,3251
-266.522,196.73,3254
-266.586,197.217,3253
-266.586,197.217,3253
-266.181,196.229,3255
-266.185,195.828,3256
-266.155,195.266,3257
-266.137,194.979,3258
-266.288,194.395,3259
-266.137,194.979,3258
-265.845,193.007,3262
-265.845,193.007,3262
-265.864,192.488,3263
-265.864,192.488,3263
-265.864,192.488,3263
-265.864,192.488,3263
-265.685,190.425,3267
-265.65,189.322,3269
-266.586,197.217,3253
-265.864,192.488,3263
-265.654,188.745,3270
-265.588,187.71,3272
-266.137,194.979,3258
-266.137,194.979,3258
-266.155,195.266,3257
-265.845,191.97,3264
-265.684,184.752,3278
-265.684,184.752,3278
-265.792,184.252,3279
-265.792,184.252,3279
-265.821,182.368,3283
-265.622,182.675,3282
-265.858,181.824,3284
-265.929,181.395,3285
-265.929,181.395,3285
-265.858,181.824,3284
-265.586,178.985,3290
-265.749,179.606,3288
-266.115,179.434,3289
-265.586,178.985,3290
-265.71,191.28,3265
-266.017,177.919,3292
-265.685,190.425,3267
-266.217,177.026,3294
-265.675,189.849,3268
-265.845,191.97,3264
-265.796,175.692,3297
-265.845,191.97,3264
-266.459,198.926,3250
-265.845,191.97,3264
-265.845,191.97,3264
-265.845,191.97,3264
-265.845,191.97,3264
-265.654,188.745,3270
-265.923,174.739,3299
-265.665,171.925,3304
-266.288,194.395,3259
-265.685,190.425,3267
-265.845,191.97,3264
-265.878,169.506,3309
-265.878,169.506,3309
-265.544,167.054,3314
-266.001,167.787,3313
-266.001,167.787,3313
-265.544,167.054,3314
-265.544,167.054,3314
-265.792,184.252,3279
-265.845,193.007,3262
-266.185,195.828,3256
-265.783,164.151,3320
-266.117,163.664,3321
-266.117,163.664,3321
-266.165,162.088,3324
-266.148,162.653,3323
-265.967,163.16,3322
-265.79,161.68,3325
-266.199,161.18,3326
-266.634,159.432,3330
-266.459,158.521,3331
-266.459,158.521,3331
-266.162,160.383,3327
-265.775,173.113,3302
-265.685,190.425,3267
-265.685,190.425,3267
-265.685,190.425,3267
-266.707,157.399,3334
-267.299,156.874,3335
-267.641,156.421,3336
-266.322,160.194,3328
-267.156,155.168,3340
-267.232,154.426,3341
-267.156,155.168,3340
-265.777,171.405,3305
-265.544,167.054,3314
-265.821,182.368,3283
-265.792,184.252,3279
-266.404,133.46,3384
-265.912,180.921,3286
-266.843,150.437,3349
-266.815,149.859,3350
-266.405,148.585,3352
-266.815,149.859,3350
-266.666,148.341,3353
-266.387,147.902,3354
-266.442,147.502,3355
-266.246,145.846,3358
-266.001,167.787,3313
-266.319,145.558,3359
-266.319,145.558,3359
-266.162,144.495,3361
-265.586,142.199,3366
-265.777,171.405,3305
-265.777,171.405,3305
-265.586,142.199,3366
-265.757,142.758,3365
-266.404,133.46,3384
-266.404,133.46,3384
-265.995,140.959,3369
-265.995,140.959,3369
-265.865,140.26,3370
-265.913,139.953,3371
-265.855,138.868,3373
-265.855,138.868,3373
-265.759,143.569,3363
-266.716,122.142,3407
-266.352,127.966,3395
-266.352,127.966,3395
-265.879,135.876,3379
-265.879,135.876,3379
-265.998,136.833,3377
-266.604,135.245,3380
-266.604,135.245,3380
-266.354,134.571,3382
-266.354,134.571,3382
-266.354,134.571,3382
-266.404,133.46,3384
-266.601,132.583,3386
-266.42,132.167,3387
-266.547,131.027,3389
-266.512,130.526,3390
-266.587,129.685,3392
-266.352,127.966,3395
-266.492,129.049,3393
-266.533,128.269,3394
-266.533,128.269,3394
-266.352,127.966,3395
-266.521,126.498,3398
-266.573,127.003,3397
-266.955,125.517,3400
-266.834,123.756,3404
-266.795,125.092,3401
-266.795,125.092,3401
-266.882,124.615,3402
-266.834,123.756,3404
-266.808,123.187,3405
-266.92,122.73,3406
-266.8,121.347,3409
-266.8,121.347,3409
-266.8,121.347,3409
-266.839,120.795,3410
-266.839,120.795,3410
-267.145,119.4,3413
-267.009,118.853,3414
-267.009,118.853,3414
-267.156,117.92,3416
-267.156,117.92,3416
-267.086,117.439,3417
-267.146,116.834,3418
-267.264,116.498,3419
-267.109,115.884,3420
-267.035,114.85,3422
-267.035,114.85,3422
-266.994,114.195,3423
-266.759,113.348,3425
-266.764,112.786,3426
-266.764,112.786,3426
-267.061,112.212,3427
-267.099,111.206,3429
-267.099,111.206,3429
-267.012,110.878,3430
-266.964,110.265,3431
-266.4,109.534,3432
-266.696,109.356,3433
-266.696,109.356,3433
-266.414,108.333,3435
-266.414,108.333,3435
-266.837,107.331,3437
-266.789,106.356,3439
-266.789,106.356,3439
-266.646,105.417,3441
-266.646,105.417,3441
-266.122,104.662,3442
-266.306,104.279,3443
-266.306,104.279,3443
-266.551,102.628,3446
-266.551,102.628,3446
-266.496,102.09,3447
-266.496,102.09,3447
-266.257,101.237,3449
-266.249,99.7646,3452
-266.249,99.7646,3452
-266.252,99.272,3453
-266.252,99.272,3453
-266.303,98.2828,3455
-266.206,98.7722,3454
-266.343,97.7204,3456
-266.417,97.2097,3457
-266.436,96.6305,3458
-266.436,96.6305,3458
-266.484,96.1011,3459
-266.827,95.0079,3461
-266.827,95.0079,3461
-266.719,94.5547,3462
-267.121,94.2055,3463
-267.065,93.6758,3464
-267.316,93.2513,3465
-267.481,92.9541,3466
-267.481,92.9541,3466
-268.259,92.1117,3468
-268.705,91.7396,3469
-269.405,91.0605,3471
-269.405,91.0605,3471
-269.405,91.0605,3471
-270.37,90.5555,3473
-270.37,90.5555,3473
-270.851,90.5092,3474
-270.851,90.5092,3474
-270.851,90.5092,3474
-272.198,90.1301,3477
-273.14,90.0427,3479
-273.527,90.0313,3480
-273.527,90.0313,3480
-274.516,90.0204,3482
-274.516,90.0204,3482
-275.531,90.0058,3484
-275.531,90.0058,3484
-276.967,90.1289,3487
-276.967,90.1289,3487
-277.739,90.0057,3488
-281.536,89.6807,3496
-279.883,89.7913,3493
-280.459,89.8247,3494
-279.458,89.7883,3492
-279.883,89.7913,3493
-280.459,89.8247,3494
-280.459,89.8247,3494
-279.883,89.7913,3493
-281.074,89.866,3495
-281.789,89.9776,3497
-284.166,90.024,3502
-283.277,90.0993,3500
-283.277,90.0993,3500
-284.093,90.0403,3501
-284.672,89.9491,3503
-284.672,89.9491,3503
-285.806,89.812,3505
-286.124,90.0458,3506
-286.69,89.7888,3507
-286.124,90.0458,3506
-287.01,89.793,3508
-287.567,90.0557,3509
-289.846,89.8345,3513
-288.815,89.9915,3511
-288.815,89.9915,3511
-289.846,89.8345,3513
-290.525,89.7509,3514
-291.112,89.7042,3516
-291.112,89.7042,3516
-291.992,89.71,3517
-292.696,89.7533,3519
-292.696,89.7533,3519
-293.652,89.8156,3521
-293.652,89.8156,3521
-294.237,89.8463,3522
-294.857,89.8645,3523
-295.499,89.8522,3524
-295.937,89.841,3525
-296.66,89.8214,3527
-296.66,89.8214,3527
-297.226,89.8098,3528
-297.807,89.795,3529
-298.445,89.7767,3530
-298.823,89.76,3531
-299.218,89.7428,3532
-299.218,89.7428,3532
-300.179,89.7016,3534
-301.202,89.667,3536
-301.763,89.6857,3537
-302.095,89.6947,3538
-302.721,89.7021,3539
-303.079,89.6799,3540
-303.079,89.6799,3540
-303.576,89.5649,3541
-304.052,89.3933,3542
-304.606,89.4524,3543
-305.37,89.1504,3545
-305.37,89.1504,3545
-306.289,88.9509,3547
-331.658,85.653,3599
-307.376,88.3778,3549
-307.713,88.1778,3550
-308.334,88.0489,3551
-308.576,87.9294,3552
-308.334,88.0489,3551
-309.804,87.9263,3554
-309.919,87.8967,3555
-310.99,87.7564,3556
-311.743,87.5882,3558
-311.743,87.5882,3558
-312.29,87.4713,3559
-313.142,87.3312,3561
-312.66,87.4003,3560
-313.962,87.2713,3562
-314.475,87.2424,3563
-314.475,87.2424,3563
-315.412,87.171,3565
-315.741,87.1502,3566
-315.412,87.171,3565
-316.855,87.2312,3568
-316.855,87.2312,3568
-317.771,86.9512,3570
-318.445,86.7994,3571
-318.445,86.7994,3571
-319.258,86.9299,3573
-319.578,86.6473,3574
-320.39,86.838,3575
-320.39,86.838,3575
-321.52,86.9506,3577
-321.52,86.9506,3577
-322.307,86.4975,3579
-322.602,86.4106,3580
-322.602,86.4106,3580
-323.69,86.2354,3582
-323.874,86.2157,3583
-324.646,86.4501,3584
-325.25,86.4343,3585
-325.728,86.3907,3586
-326.011,86.339,3587
-326.011,86.339,3587
-326.907,86.1204,3589
-327.473,85.9744,3590
-327.961,85.8424,3591
-328.464,85.7331,3592
-328.923,85.6686,3593
-329.303,85.6477,3594
-329.881,85.8952,3595
-330.469,85.8828,3596
-331.169,85.8024,3597
-331.401,85.7332,3598
-331.658,85.653,3599
-332.341,85.4999,3600
-332.831,85.3575,3601
-333.674,85.4659,3603
-333.674,85.4659,3603
-334.713,85.4674,3605
-334.713,85.4674,3605
-335.346,85.254,3606
-335.915,85.3385,3607
-336.616,85.5167,3609
-336.616,85.5167,3609
-337.487,85.635,3610
-337.862,85.6926,3611
-338.885,85.7379,3613
-338.885,85.7379,3613
-338.885,85.7379,3613
-339.916,85.763,3615
-340.89,85.5277,3617
-342.29,85.7425,3620
-340.89,85.5277,3617
-343.702,86.1766,3623
-344.511,86.2559,3624
-343.702,86.1766,3623
-343.134,86.033,3622
-343.702,86.1766,3623
-343.134,86.033,3622
-345.326,86.259,3626
-345.326,86.259,3626
-346.239,86.0127,3628
-346.239,86.0127,3628
-346.686,86.0303,3629
-347.679,86.1744,3631
-347.679,86.1744,3631
-348.379,86.271,3632
-348.972,86.3758,3634
-349.628,86.2108,3635
-349.628,86.2108,3635
-350.81,86.3905,3637
-351.383,86.4537,3638
-351.383,86.4537,3638
-351.642,86.4805,3639
-352.599,86.5484,3641
-353.167,86.5833,3642
-353.496,86.6092,3643
-354.054,86.6636,3644
-354.375,86.71,3645
-355.01,86.7821,3646
-355.524,86.8267,3647
-355.524,86.8267,3647
-356.564,87.0475,3649
-357.279,86.5356,3651
-357.279,86.5356,3651
-357.279,86.5356,3651
-358.36,86.1495,3653
-358.36,86.1495,3653
-359.057,85.8547,3655
-360.145,85.7224,3657
-360.145,85.7224,3657
-360.697,85.8358,3658
-361.529,85.3805,3660
-361.529,85.3805,3660
-362.108,85.2902,3661
-362.548,84.9912,3662
-363.149,84.8952,3663
-362.548,84.9912,3662
-366.029,83.0523,3670
-363.466,84.6497,3664
-364.425,84.1598,3666
-365.028,83.4233,3668
-364.582,83.8794,3667
-367.41,82.7535,3673
-368.239,82.1593,3675
-367.41,82.7535,3673
-367.41,82.7535,3673
-367.41,82.7535,3673
-368.239,82.1593,3675
-368.645,81.6482,3676
-369.038,81.3377,3677
-369.611,80.6611,3679
-369.611,80.6611,3679
-369.896,80.0542,3680
-369.611,80.6611,3679
-370.469,79.2389,3682
-370.739,78.9446,3683
-371.01,78.5649,3684
-371.161,78.1791,3685
-371.284,77.7019,3686
-371.178,77.2075,3687
-371.26,76.7818,3688
-371.351,76.3003,3689
-371.434,75.8546,3690
-371.563,74.8081,3692
-371.563,74.8081,3692
-371.321,73.8424,3694
-371.395,73.3437,3695
-371.395,73.3437,3695
-371.71,72.5768,3696
-371.736,72.5603,3697
-371.754,71.854,3698
-371.742,71.3003,3699
-371.688,70.9949,3700
-371.671,70.1927,3701
-371.661,69.9231,3702
-371.645,69.3944,3703
-371.889,69.1007,3704
-371.639,68.1023,3705
-371.611,68.2679,3717
-371.616,67.7594,3707
-371.617,66.7772,3709
-371.605,66.6638,3720
-371.638,66.1504,3721
-371.671,65.8935,3722
-371.702,65.3061,3723
-371.841,64.626,3724
-371.702,65.3061,3723
-371.841,63.3008,3727
-371.874,62.7103,3728
-332.333,58.2666,3821
-332.686,58.5401,3820
-326.291,57.5464,3833
-357.279,86.5356,3651
-371.616,67.7594,3707
-358.757,85.9309,3654
-358.3,57.9841,3763
-361.529,85.3805,3660
-358.3,57.9841,3763
-339.031,58.2237,3807
-364.382,57.8971,3749
-343.727,59.2059,3796
-331.187,58.1963,3823
-314.108,57.6371,3858
-359.087,57.8805,3760
-324.555,57.5806,3836
-324.555,57.5806,3836
-324.555,57.5806,3836
-358.3,57.9841,3763
-358.3,57.9841,3763
-358.3,57.9841,3763
-358.3,57.9841,3763
-358.726,57.8998,3762
-358.726,57.8998,3762
-336.017,58.2023,3813
-358.726,57.8998,3762
-351.226,59.1686,3780
-334.593,58.252,3816
-352.526,59.5668,3777
-333.849,58.5386,3818
-333.849,58.5386,3818
-332.686,58.5401,3820
-324.555,57.5806,3836
-323.562,57.7485,3838
-350.279,59.4767,3782
-313.067,57.604,3860
-309.803,57.5716,3867
-313.067,57.604,3860
-306.336,57.3381,3874
-333.849,58.5386,3818
-333.849,58.5386,3818
-314.108,57.6371,3858
-312.155,57.5782,3862
-354.473,59.9951,3772
-354.473,59.9951,3772
-354.473,59.9951,3772
-354.138,59.9632,3773
-354.138,59.9632,3773
-352.526,59.5668,3777
-352.526,59.5668,3777
-352.526,59.5668,3777
-352.526,59.5668,3777
-352.526,59.5668,3777
-350.621,59.1977,3781
-349.848,59.5244,3783
-349.848,59.5244,3783
-349.848,59.5244,3783
-350.621,59.1977,3781
-348.389,59.5186,3786
-348.389,59.5186,3786
-310.07,57.5712,3866
-345.71,59.4679,3792
-314.451,57.6456,3857
-352.526,59.5668,3777
-352.526,59.5668,3777
-344.186,58.9761,3795
-344.186,58.9761,3795
-343.727,59.2059,3796
-343.727,59.2059,3796
-343.291,58.9762,3797
-342.988,59.2883,3798
-350.621,59.1977,3781
-302.921,57.5874,3881
-341.448,58.7697,3802
-340.547,58.4037,3804
-340.547,58.4037,3804
-339.031,58.2237,3807
-311.646,57.3209,3863
-338.431,58.1468,3808
-305.745,57.3431,3875
-352.526,59.5668,3777
-305.226,57.5976,3876
-338.268,58.1608,3809
-352.526,59.5668,3777
-336.017,58.2023,3813
-335.178,58.4748,3815
-335.178,58.4748,3815
-333.849,58.5386,3818
-333.849,58.5386,3818
-333.18,58.3031,3819
-333.18,58.3031,3819
-332.686,58.5401,3820
-332.333,58.2666,3821
-331.847,58.2458,3822
-331.187,58.1963,3823
-330.746,58.1533,3824
-309.138,57.5743,3868
-306.616,57.5865,3873
-309.803,57.5716,3867
-306.336,57.3381,3874
-336.017,58.2023,3813
-333.849,58.5386,3818
-335.178,58.4748,3815
-352.526,59.5668,3777
-336.51,58.1813,3812
-325.43,57.5212,3835
-325.43,57.5212,3835
-333.849,58.5386,3818
-332.686,58.5401,3820
-351.226,59.1686,3780
-307.572,57.5792,3871
-322.164,58.1174,3841
-321.244,57.8269,3843
-321.244,57.8269,3843
-305.226,57.5976,3876
-312.155,57.5782,3862
-305.226,57.5976,3876
-319.067,57.7373,3848
-324.555,57.5806,3836
-350.621,59.1977,3781
-317.753,57.6854,3850
-317.603,57.689,3851
-316.794,57.6871,3852
-316.57,57.6865,3853
-315.997,57.6824,3854
-315.538,57.6759,3855
-314.955,57.6626,3856
-314.451,57.6456,3857
-314.451,57.6456,3857
-313.637,57.6249,3859
-313.067,57.604,3860
-313.067,57.604,3860
-311.646,57.3209,3863
-310.983,57.5704,3864
-309.803,57.5716,3867
-310.07,57.5712,3866
-309.803,57.5716,3867
-309.803,57.5716,3867
-309.138,57.5743,3868
-308.65,57.5752,3869
-307.572,57.5792,3871
-307.03,57.5825,3872
-307.03,57.5825,3872
-307.572,57.5792,3871
-306.616,57.5865,3873
-305.745,57.3431,3875
-305.226,57.5976,3876
-304.396,57.6021,3878
-303.928,57.5994,3879
-303.346,57.5924,3880
-301.958,57.5689,3883
-302.608,57.5824,3882
-301.958,57.5689,3883
-301.466,57.3132,3884
-299.03,57.2797,3889
-300.987,57.5579,3885
-299.884,57.2898,3887
-300.452,57.2983,3886
-299.884,57.2898,3887
-299.884,57.2898,3887
-298.368,57.2701,3890
-297.894,57.2644,3891
-297.402,57.5084,3892
-297.402,57.5084,3892
-295.679,57.2361,3895
-295.679,57.2361,3895
-296.167,57.2419,3894
-295.326,57.4838,3896
-293.852,57.2176,3899
-294.286,57.4735,3898
-293.276,57.4583,3900
-292.474,57.1982,3902
-292.785,57.2026,3901
-291.337,57.1865,3904
-309.803,57.5716,3867
-283.088,56.8642,3920
-290.643,57.1857,3905
-289.733,57.1856,3907
-290.242,57.1862,3906
-286.243,57.1519,3914
-289.258,57.1843,3908
-287.836,57.1803,3911
-287.836,57.1803,3911
-290.242,57.1862,3906
-285.909,57.1451,3915
-285.909,57.1451,3915
-284.766,57.1224,3917
-284.278,57.108,3918
-283.088,56.8642,3920
-284.278,57.108,3918
-283.536,57.1049,3919
-282.609,56.874,3921
-283.088,56.8642,3920
-282.115,57.1325,3922
-281.55,57.1437,3923
-278.207,57.183,3930
-279.802,57.1668,3927
-279.046,57.1771,3928
-279.046,57.1771,3928
-278.207,57.183,3930
-278.207,57.183,3930
-277.218,57.1876,3932
-277.727,57.1869,3931
-277.727,57.1869,3931
-278.622,57.1796,3929
-274.438,57.1365,3938
-275.108,57.156,3937
-275.108,57.156,3937
-272.176,57.0868,3943
-272.176,57.0868,3943
-272.176,57.0868,3943
-267.612,56.9849,3952
-272.176,57.0868,3943
-272.176,57.0868,3943
-271.43,57.0647,3944
-272.176,57.0868,3943
-270.604,57.0397,3946
-272.176,57.0868,3943
-309.803,57.5716,3867
-268.077,57.0059,3951
-269.118,57.0239,3949
-268.077,57.0059,3951
-267.612,56.9849,3952
-266.326,56.6263,3954
-266.326,56.6263,3954
-266.326,56.6263,3954
-265.305,56.5039,3956
-265.305,56.5039,3956
-264.418,56.3646,3958
-263.342,56.2026,3960
-263.014,56.1425,3961
-262.599,55.8226,3962
-261.525,55.6161,3964
-249.74,47.9738,3997
-250.934,48.1217,3993
-298.368,57.2701,3890
-274.438,57.1365,3938
-275.108,57.156,3937
-234.994,47.3649,4027
-299.03,57.2797,3889
-272.176,57.0868,3943
-272.693,57.1026,3942
-298.368,57.2701,3890
-233.35,47.0879,4030
-240.418,47.428,4016
-272.176,57.0868,3943
-272.693,57.1026,3942
-272.176,57.0868,3943
-237.977,47.3993,4021
-234.994,47.3649,4027
-234.994,47.3649,4027
-239.537,47.4178,4018
-237.977,47.3993,4021
-231.79,47.0087,4033
-250.934,48.1217,3993
-237.977,47.3993,4021
-267.612,56.9849,3952
-235.482,47.3702,4026
-267.612,56.9849,3952
-250.965,48.1143,3994
-250.965,48.1143,3994
-250.965,48.1143,3994
-250.965,48.1143,3994
-237.977,47.3993,4021
-248.962,47.8972,3998
-248.962,47.8972,3998
-248.482,47.8742,3999
-241.403,47.4402,4014
-245.876,47.5348,4005
-246.197,47.7924,4004
-245.876,47.5348,4005
-245.401,47.7723,4006
-244.584,47.7438,4007
-245.401,47.7723,4006
-244.584,47.7438,4007
-245.401,47.7723,4006
-245.401,47.7723,4006
-243.364,47.7164,4010
-242.624,47.4536,4011
-242.397,47.4517,4012
-241.818,47.4458,4013
-241.818,47.4458,4013
-240.915,47.4346,4015
-240.418,47.428,4016
-239.919,47.4206,4017
-239.537,47.4178,4018
-238.817,47.4089,4019
-239.919,47.4206,4017
-237.977,47.3993,4021
-237.233,47.3884,4022
-236.905,47.3864,4023
-236.489,47.381,4024
-235.657,47.3708,4025
-235.482,47.3702,4026
-234.994,47.3649,4027
-237.977,47.3993,4021
-238.396,47.4049,4020
-238.817,47.4089,4019
-238.396,47.4049,4020
-236.489,47.381,4024
-231.454,47.2386,4034
-231.454,47.2386,4034
-227.965,17.6837,4122
-230.69,46.6411,4036
-230.69,46.6411,4036
-228.061,17.4521,4120
-227.966,17.6832,4121
-228.257,44.967,4042
-228.416,45.323,4041
-235.657,47.3708,4025
-234.994,47.3649,4027
-227.743,19.6278,4102
-228.07,17.4579,4118
-231.79,47.0087,4033
-261.525,55.6161,3964
-227.994,17.6853,4124
-228.061,17.4521,4120
-228.416,45.323,4041
-228.416,45.323,4041
-228.205,44.5162,4043
-227.966,17.6832,4121
-227.966,17.6832,4121
-228.181,18.4605,4113
-227.962,18.9844,4112
-228.153,17.6633,4115
-228.262,43.682,4045
-228.259,41.6511,4049
-228.332,43.1492,4046
-228.259,41.6511,4049
-228.024,41.3712,4050
-228.024,41.3712,4050
-228.122,40.2493,4052
-228.122,40.2493,4052
-227.503,28.8872,4075
-227.865,39.3017,4054
-227.879,38.7769,4055
-227.864,14.384,4136
-227.962,18.9844,4112
-227.788,15.5571,4134
-228.044,9.67554,4146
-227.941,11.5715,4142
-228.116,3.79384,4157
-227.737,22.3483,4088
-227.602,23.0751,4086
-227.533,23.0034,4087
-227.468,26.4912,4080
-228.271,-11.3524,4188
-228.061,4.67325,4156
-227.34,32.2937,4068
-227.912,12.2336,4141
-228.054,19.3222,4111
-227.602,23.0751,4086
-228.061,19.6669,4094
-227.941,11.5715,4142
-227.603,29.7446,4073
-228.328,-4.40057,4174
-227.901,11.0527,4143
-227.616,24.8094,4083
-227.55,28.3742,4076
-227.787,20.4592,4092
-227.981,13.8717,4137
-227.828,25.8969,4081
-227.828,25.8969,4081
-227.966,17.6832,4121
-227.966,17.6832,4121
-227.602,23.0751,4086
-227.602,23.0751,4086
-227.771,13.4355,4138
-227.737,22.3483,4088
-227.862,21.8363,4089
-227.735,21.3866,4090
-227.841,21.1242,4091
-227.909,20.0179,4093
-227.909,20.0179,4093
-227.901,11.0527,4143
-227.787,20.4592,4092
-227.909,20.0179,4093
-227.805,12.3584,4140
-227.735,21.3866,4090
-228.013,16.8764,4131
-227.843,16.2683,4132
-227.843,16.2683,4132
-227.875,16.0542,4133
-227.875,16.0542,4133
-227.864,14.384,4136
-227.864,14.384,4136
-227.771,13.4355,4138
-227.938,13.1754,4139
-227.805,12.3584,4140
-227.912,12.2336,4141
-227.912,12.2336,4141
-227.901,11.0527,4143
-227.941,11.5715,4142
-228.073,10.4619,4144
-227.901,11.0527,4143
-228.044,9.67554,4146
-227.845,8.7252,4148
-228.073,10.4619,4144
-223.783,-36.3584,4245
-228.065,6.23385,4153
-228.021,7.09675,4151
-228.065,6.23385,4153
-228.061,4.67325,4156
-227.955,5.19251,4155
-228.061,4.67325,4156
-228.116,3.79384,4157
-228.061,4.67325,4156
-228.25,2.71089,4160
-228.25,2.71089,4160
-228.25,2.71089,4160
-228.106,2.11302,4161
-228.243,1.00616,4163
-228.1,0.470491,4164
-228.134,0.0229775,4165
-228.162,-0.228795,4166
-227.933,-0.759375,4167
-228.046,-1.35817,4168
-228.162,-3.35989,4172
-228.162,-3.35989,4172
-228.209,-10.0231,4185
-228.162,-3.35989,4172
-228.162,-0.228795,4166
-228.073,10.4619,4144
-228.162,-3.35989,4172
-228.418,-5.45737,4176
-228.397,-5.96815,4177
-228.437,-7.04176,4179
-228.482,-7.50721,4180
-223.013,-36.4594,4246
-228.111,-8.36985,4182
-210.905,-39.1773,4277
-228.111,-8.36985,4182
-228.271,-11.3524,4188
-227.841,21.1242,4091
-228.148,-10.5637,4186
-228.242,-11.0958,4187
-228.242,-11.0958,4187
-228.271,-11.3524,4188
-228.249,-12.383,4190
-228.249,-12.383,4190
-228.318,-13.4129,4192
-228.251,-13.7021,4193
-228.38,-14.2254,4194
-228.38,-14.2254,4194
-228.382,-11.946,4189
-227.994,17.6853,4124
-227.788,15.5571,4134
-228.297,-12.8961,4191
-228.418,-5.45737,4176
-210.173,-39.1907,4278
-209.856,-39.1927,4279
-213.247,-39.1504,4272
-223.013,-36.4594,4246
-228.454,-19.7919,4205
-228.454,-19.7919,4205
-228.134,0.0229775,4165
-228.6,-16.4288,4198
-228.229,18.2908,4114
-228.69,-22.826,4211
-228.547,-22.1711,4210
-228.638,-23.2032,4212
-228.762,-23.5141,4213
-228.591,-24.7736,4215
-228.591,-24.7736,4215
-228.271,-11.3524,4188
-228.318,-13.4129,4192
-228.703,-26.3815,4218
-228.387,-26.8205,4219
-228.621,-28.1002,4222
-228.588,-27.786,4221
-228.718,-28.6239,4223
-228.718,-28.6239,4223
-228.571,-29.1464,4224
-228.597,-29.7265,4225
-228.526,-30.244,4226
-228.554,-30.5866,4227
-228.586,-31.1207,4228
-228.619,-32.1665,4230
-228.619,-32.1665,4230
-227.981,13.8717,4137
-189.531,-39.2285,4320
-208.376,-39.2112,4282
-223.783,-36.3584,4245
-211.32,-39.1708,4276
-220.248,-38.4637,4258
-207.934,-39.2159,4283
-222.067,-36.5511,4248
-202.539,-39.2326,4294
-204.533,-39.2306,4290
-198.035,-39.239,4303
-200.032,-39.2386,4299
-199.035,-39.2397,4301
-209.368,-39.1997,4280
-215.335,-36.5938,4250
-222.067,-36.5511,4248
-225.89,-35.4029,4240
-225.89,-35.4029,4240
-219.159,-38.7593,4260
-219.159,-38.7593,4260
-219.159,-38.7593,4260
-219.159,-38.7593,4260
-219.159,-38.7593,4260
-177.077,-39.1403,4346
-211.32,-39.1708,4276
-177.412,-39.1448,4345
-173.885,-39.0877,4352
-175.488,-39.1139,4349
-197.607,-39.238,4304
-174.432,-39.0969,4351
-218.834,-38.7714,4261
-175.488,-39.1139,4349
-174.432,-39.0969,4351
-200.032,-39.2386,4299
-174.89,-39.3546,4350
-174.89,-39.3546,4350
-178.78,-39.41,4342
-168.343,-38.9883,4363
-176.02,-39.3755,4348
-173.885,-39.0877,4352
-176.46,-39.1317,4347
-175.488,-39.1139,4349
-199.464,-39.2392,4300
-200.928,-39.2376,4297
-173.885,-39.0877,4352
-174.89,-39.3546,4350
-176.02,-39.3755,4348
-177.077,-39.1403,4346
-177.077,-39.1403,4346
-177.077,-39.1403,4346
-174.432,-39.0969,4351
-176.46,-39.1317,4347
-176.46,-39.1317,4347
-174.89,-39.3546,4350
-173.614,-39.0841,4353
-168.176,-38.9877,4364
-177.077,-39.1403,4346
-174.432,-39.0969,4351
-157.867,-39.3494,4384
-158.443,-39.3594,4383
-158.934,-39.3671,4382
-174.432,-39.0969,4351
-158.443,-39.3594,4383
-173.885,-39.0877,4352
-157.867,-39.3494,4384
-158.934,-39.3671,4382
-163.376,-38.9839,4373
-174.432,-39.0969,4351
-222.067,-36.5511,4248
-202.925,-39.2322,4293
-159.456,-39.3706,4381
-205.011,-39.2299,4289
-177.077,-39.1403,4346
-173.885,-39.0877,4352
-218.834,-38.7714,4261
-158.934,-39.3671,4382
-157.867,-39.3494,4384
-154.366,-38.9868,4391
-173.614,-39.0841,4353
-153.928,-38.9712,4392
-153.928,-38.9712,4392
-175.488,-39.1139,4349
-174.432,-39.0969,4351
-146.23,-38.7576,4408
-176.46,-39.1317,4347
-161.082,-39.3192,4378
-174.432,-39.0969,4351
-146.23,-38.7576,4408
-146.23,-38.7576,4408
-146.23,-38.7576,4408
-142.446,-38.7992,4416
-142.446,-38.7992,4416
-142.446,-38.7992,4416
-142.446,-38.7992,4416
-142.446,-38.7992,4416
-142.446,-38.7992,4416
-144.056,-38.7939,4412
-141.279,-38.8049,4418
-142.446,-38.7992,4416
-141.853,-38.8034,4417
-173.885,-39.0877,4352
-189.531,-39.2285,4320
-142.446,-38.7992,4416
-224.953,-35.9064,4242
-142.446,-38.7992,4416
-142.446,-38.7992,4416
-142.446,-38.7992,4416
-176.02,-39.3755,4348
-139.734,-38.8102,4421
-150.557,-38.8503,4399
-155.022,-39.2675,4390
-150.165,-38.8339,4400
-131.471,-38.7905,4438
-133.449,-39.0562,4434
-148.179,-38.7556,4404
-131.471,-38.7905,4438
-131.024,-38.7867,4439
-130.427,-39.0306,4440
-146.23,-38.7576,4408
-142.446,-38.7992,4416
-146.23,-38.7576,4408
-132.388,-38.7985,4436
-142.446,-38.7992,4416
-129.92,-39.0275,4441
-142.446,-38.7992,4416
-142.446,-38.7992,4416
-142.446,-38.7992,4416
-142.446,-38.7992,4416
-142.446,-38.7992,4416
-143.065,-38.8015,4414
-142.446,-38.7992,4416
-142.446,-38.7992,4416
-142.446,-38.7992,4416
-141.279,-38.8049,4418
-140.762,-38.8075,4419
-142.527,-38.8021,4415
-130.427,-39.0306,4440
-121.776,-39.1336,4457
-175.488,-39.1139,4349
-142.446,-38.7992,4416
-124.173,-39.0958,4453
-117.412,-39.1656,4466
-124.173,-39.0958,4453
-118.168,-39.1595,4465
-142.446,-38.7992,4416
-118.974,-39.1541,4463
-118.406,-39.1582,4464
-116.418,-39.1718,4468
-140.762,-38.8075,4419
-144.857,-38.7818,4411
-144.056,-38.7939,4412
-124.173,-39.0958,4453
-129.92,-39.0275,4441
-142.446,-38.7992,4416
-114.501,-39.1829,4472
-145.714,-38.7663,4409
-124.173,-39.0958,4453
-146.23,-38.7576,4408
-142.446,-38.7992,4416
-145.714,-38.7663,4409
-109.564,-39.2029,4482
-153.928,-38.9712,4392
-153.509,-38.9604,4393
-173.885,-39.0877,4352
-116.92,-39.1687,4467
-142.446,-38.7992,4416
-142.446,-38.7992,4416
-150.557,-38.8503,4399
-105.322,-39.2089,4491
-124.173,-39.0958,4453
-124.173,-39.0958,4453
-113.052,-39.1888,4475
-138.48,-38.8123,4424
-109.564,-39.2029,4482
-108.121,-39.2086,4485
-100.643,-39.2071,4500
-99.5702,-39.1997,4502
-101.554,-39.2086,4498
-142.446,-38.7992,4416
-112.542,-39.1898,4476
-149.352,-38.8054,4402
-97.3256,-39.1956,4507
-107.607,-39.2098,4486
-96.1903,-39.1947,4509
-142.446,-38.7992,4416
-96.1903,-39.1947,4509
-95.6259,-39.195,4510
-96.5878,-39.1944,4508
-102.64,-39.21,4496
-96.5878,-39.1944,4508
-96.5878,-39.1944,4508
-96.5878,-39.1944,4508
-98.0816,-39.1958,4505
-99.5702,-39.1997,4502
-99.5702,-39.1997,4502
-94.1244,-39.1936,4513
-96.5878,-39.1944,4508
-96.1903,-39.1947,4509
-96.5878,-39.1944,4508
-94.1244,-39.1936,4513
-96.5878,-39.1944,4508
-96.5878,-39.1944,4508
-177.077,-39.1403,4346
-96.5878,-39.1944,4508
-96.5878,-39.1944,4508
-94.5579,-39.1943,4512
-89.0892,-39.1443,4523
-96.1903,-39.1947,4509
-97.3256,-39.1956,4507
-99.5702,-39.1997,4502
-97.8397,-39.1963,4506
-83.1938,-39.28,4535
-142.446,-38.7992,4416
-99.5702,-39.1997,4502
-83.1938,-39.28,4535
-80.0562,-39.3477,4541
-84.687,-39.2433,4532
-79.2738,-39.364,4543
-79.2738,-39.364,4543
-78.382,-39.6268,4545
-78.382,-39.6268,4545
-81.1636,-39.3266,4539
-81.1636,-39.3266,4539
-80.0562,-39.3477,4541
-81.1636,-39.3266,4539
-78.382,-39.6268,4545
-93.6146,-39.1904,4514
-81.1636,-39.3266,4539
-93.6146,-39.1904,4514
-89.7594,-39.1546,4522
-81.1636,-39.3266,4539
-76.7009,-39.645,4548
-77.4062,-39.6376,4547
-80.0562,-39.3477,4541
-95.1034,-38.9448,4511
-78.382,-39.6268,4545
-78.382,-39.6268,4545
-82.9272,-39.2867,4536
-78.382,-39.6268,4545
-77.8217,-39.6329,4546
-77.4062,-39.6376,4547
-78.382,-39.6268,4545
-142.446,-38.7992,4416
-75.3408,-39.4157,4551
-76.7009,-39.645,4548
-94.5579,-39.1943,4512
-89.0892,-39.1443,4523
-83.1938,-39.28,4535
-78.382,-39.6268,4545
-83.6906,-39.2699,4534
-77.8217,-39.6329,4546
-78.382,-39.6268,4545
-82.9272,-39.2867,4536
-77.4062,-39.6376,4547
-81.1636,-39.3266,4539
-83.1938,-39.28,4535
-79.7123,-39.3545,4542
-77.4062,-39.6376,4547
-77.8217,-39.6329,4546
-77.4062,-39.6376,4547
-77.4062,-39.6376,4547
-77.4062,-39.6376,4547
-80.7395,-39.3346,4540
-77.8217,-39.6329,4546
-80.0562,-39.3477,4541
-77.8217,-39.6329,4546
-77.4062,-39.6376,4547
-77.8217,-39.6329,4546
-76.7009,-39.645,4548
-60.6428,-41.4091,4581
-60.6428,-41.4091,4581
-78.382,-39.6268,4545
-77.8217,-39.6329,4546
-142.446,-38.7992,4416
-142.446,-38.7992,4416
-75.3408,-39.4157,4551
-91.158,-39.1716,4519
-75.3408,-39.4157,4551
-81.1636,-39.3266,4539
-80.0562,-39.3477,4541
-81.1636,-39.3266,4539
-77.4062,-39.6376,4547
-80.7395,-39.3346,4540
-94.5579,-39.1943,4512
-75.7544,-39.4067,4550
-77.8217,-39.6329,4546
-83.6906,-39.2699,4534
-80.0562,-39.3477,4541
-84.687,-39.2433,4532
-81.1636,-39.3266,4539
-76.167,-39.6507,4549
-81.1636,-39.3266,4539
-80.0562,-39.3477,4541
-81.1636,-39.3266,4539
-77.8217,-39.6329,4546
-81.1636,-39.3266,4539
-80.7395,-39.3346,4540
-77.4062,-39.6376,4547
-77.4062,-39.6376,4547
-80.7395,-39.3346,4540
-81.1636,-39.3266,4539
-75.7544,-39.4067,4550
-54.6595,-41.5645,4593
-80.7395,-39.3346,4540
-82.9272,-39.2867,4536
-83.6906,-39.2699,4534
-80.0562,-39.3477,4541
-81.1636,-39.3266,4539
-80.0562,-39.3477,4541
-83.1938,-39.28,4535
-80.7395,-39.3346,4540
-78.382,-39.6268,4545
-80.0562,-39.3477,4541
-60.6428,-41.4091,4581
-83.6906,-39.2699,4534
-78.382,-39.6268,4545
-76.7009,-39.645,4548
-76.167,-39.6507,4549
-75.7544,-39.4067,4550
