9.86918,-2.57822,21
47.4777,-0.730048,95
0.804927,0.000525487,2
1.24841,-0.0455312,3
0.804927,0.000525487,2
0.804927,0.000525487,2
0.804927,0.000525487,2
1.24841,-0.0455312,3
1.24841,-0.0455312,3
8.01304,-2.33897,17
6.81377,-1.84927,15
6.81377,-1.84927,15
6.81377,-1.84927,15
55.5868,-2.92394,112
55.5868,-2.92394,112
55.5868,-2.92394,112
24.216,-1.81075,49
10.622,-2.58331,22
0.804927,0.000525487,2
0.804927,0.000525487,2
1.24841,-0.0455312,3
1.73514,-0.118277,4
2.18688,-0.188024,5
3.02522,-0.593661,7
2.68716,-0.262838,6
2.68716,-0.262838,6
4.12269,-0.843677,9
4.69931,-0.973319,10
4.69931,-0.973319,10
5.11047,-1.03321,11
6.00268,-1.42417,13
6.00268,-1.42417,13
6.81377,-1.84927,15
7.63951,-1.99986,16
7.63951,-1.99986,16
8.01304,-2.33897,17
8.90364,-2.48323,19
9.43944,-2.55074,20
9.86918,-2.57822,21
9.86918,-2.57822,21
10.622,-2.58331,22
11.1609,-2.57987,23
11.5742,-2.57394,24
11.9101,-2.57317,25
12.5691,-2.56561,26
12.838,-2.56808,27
13.4755,-2.58264,28
14.5095,-2.61558,30
14.5095,-2.61558,30
14.9417,-2.61687,31
15.4053,-2.60029,32
15.4053,-2.60029,32
17.9311,-2.4748,37
17.1226,-2.5025,35
17.2808,-2.2593,36
17.2808,-2.2593,36
17.9311,-2.4748,37
19.5057,-2.49731,40
19.5057,-2.49731,40
19.5057,-2.49731,40
20.5235,-2.45862,42
21.2142,-2.37325,43
21.5856,-2.32978,44
22.612,-1.94992,46
22.9064,-1.9428,47
22.9064,-1.9428,47
22.9064,-1.9428,47
25.3977,-1.4504,52
24.6402,-1.75369,50
25.0862,-1.71273,51
25.3977,-1.4504,52
26.0144,-1.43898,53
26.3378,-1.43578,54
27.0064,-1.42794,55
27.4359,-1.40604,56
27.9974,-1.38316,57
28.485,-1.35557,58
29.0242,-1.32852,59
29.5566,-1.29966,60
30.0703,-1.01496,61
30.575,-0.990413,62
30.8737,-1.23804,63
30.8737,-1.23804,63
31.5442,-1.22284,64
32.5772,-1.21515,66
33.6369,-1.21115,68
33.6369,-1.21115,68
34.5878,-1.2063,70
34.5878,-1.2063,70
35.1676,-1.1926,71
35.4949,-1.1803,72
35.9836,-0.905568,73
37.05,-0.81992,75
37.05,-0.81992,75
37.4847,-0.786039,76
38.7174,-0.708022,78
38.7174,-0.708022,78
39.1542,-0.694843,79
39.6,-0.678391,80
40.1461,-0.671144,81
40.6326,-0.670087,82
41.304,-0.671351,83
41.7731,-0.673309,84
42.3748,-0.674392,85
42.964,-0.6778,86
43.5881,-0.680454,87
43.8875,-0.681088,88
43.8875,-0.681088,88
44.9181,-0.688385,90
45.9148,-0.705218,92
45.9148,-0.705218,92
46.3512,-0.712822,93
46.3512,-0.712822,93
46.8889,-0.720169,94
46.8889,-0.720169,94
47.4777,-0.730048,95
47.9246,-0.739495,96
48.5189,-0.746463,97
50.4834,-0.781071,101
50.4834,-0.781071,101
50.4834,-0.781071,101
51.0011,-0.810314,102
51.411,-0.863201,103
51.9546,-1.18695,104
52.8958,-1.35506,106
53.2784,-1.67691,107
53.2784,-1.67691,107
54.1759,-2.13969,109
54.9249,-2.18544,110
55.5868,-2.92394,112
55.9904,-3.08557,113
56.152,-3.48713,114
56.7181,-3.81162,115
56.7181,-3.81162,115
56.9286,-4.19054,116
57.714,-4.84185,118
57.714,-4.84185,118
58.0468,-5.72302,120
58.0468,-5.72302,120
58.3895,-5.93177,121
59.0083,-6.74763,123
59.0083,-6.74763,123
59.2402,-7.3262,124
59.722,-8.16196,126
59.9673,-8.44099,127
60.2373,-9.00506,128
60.3366,-9.42547,129
60.6024,-10.004,130
60.3629,-10.3688,131
60.3629,-10.3688,131
60.71,-10.9315,132
61.2491,-11.8082,134
61.3759,-12.387,135
61.4448,-12.7269,136
61.6062,-13.2678,137
61.716,-13.7112,138
62.0582,-14.2609,139
62.0819,-14.6705,140
62.0819,-14.6705,140
62.3745,-15.6228,142
62.7606,-16.0684,143
62.9503,-16.7383,144
62.9036,-17.0729,145
63.3466,-17.6593,146
63.4601,-18.0843,147
63.339,-18.5428,148
63.7248,-19.0739,149
64.1615,-19.5886,150
64.2438,-19.855,151
64.2438,-19.855,151
64.5732,-20.6171,153
64.7375,-20.7554,154
64.9247,-20.862,155
65.2053,-20.9677,156
65.289,-20.9645,157
66.2638,-21.0358,159
65.784,-21.006,158
66.2638,-21.0358,159
67.6604,-21.0998,162
67.6604,-21.0998,162
69.5704,-21.2074,166
70.0541,-21.2323,167
70.7536,-21.2735,168
69.5704,-21.2074,166
70.0541,-21.2323,167
70.9712,-21.2808,169
71.5716,-21.302,170
71.5716,-21.302,170
72.0045,-21.3093,171
72.386,-21.3112,172
73.4386,-21.2946,174
73.4386,-21.2946,174
73.9481,-21.2881,175
74.9076,-21.2848,177
75.4776,-21.2829,178
75.9646,-21.5342,179
75.9646,-21.5342,179
76.7845,-21.2824,181
77.7732,-21.5927,183
77.2819,-21.3025,182
77.7732,-21.5927,183
78.2753,-21.6427,184
78.609,-21.6812,185
78.609,-21.6812,185
79.5102,-22.0022,186
80.2216,-22.582,188
80.4555,-22.9429,189
80.5294,-23.3013,190
80.8934,-23.5249,191
80.5294,-23.3013,190
81.1604,-23.8551,192
81.3412,-23.9416,193
82.529,-24.2515,195
83.0108,-24.31,196
83.779,-24.6168,198
83.779,-24.6168,198
84.5346,-24.6837,199
84.9228,-24.4527,200
85.3626,-24.4605,201
85.9617,-24.7228,202
86.3828,-24.4879,203
86.8709,-24.4484,204
87.1787,-24.3813,205
87.1223,-24.4489,206
87.2606,-24.1205,208
87.5695,-23.8421,209
87.6248,-23.4232,210
87.6248,-23.4232,210
87.8334,-22.335,212
87.8334,-22.335,212
87.9966,-21.8346,213
87.7481,-21.0367,215
87.9369,-20.495,216
87.8349,-19.9759,217
87.7343,-19.395,218
87.7343,-19.395,218
87.7803,-18.2062,220
87.7803,-18.2062,220
87.9234,-17.4217,222
87.9234,-17.4217,222
87.8627,-16.3136,224
87.8024,-15.7747,225
88.0446,-15.2441,226
88.0446,-15.2441,226
87.969,-14.8964,227
87.8372,-13.7419,229
87.9565,-13.2564,230
87.9565,-13.2564,230
88.1115,-12.0465,232
88.1115,-12.0465,232
88.0449,-11.8064,233
88.051,-11.1873,234
88.051,-10.6795,235
87.97,-10.1404,236
88.132,-9.16423,238
88.132,-9.16423,238
88.0666,-8.79781,239
87.9762,-7.72553,241
87.9762,-7.72553,241
88.1376,-6.68233,243
88.0888,-6.31665,244
88.1583,-5.81679,245
88.1583,-5.81679,245
88.1104,-5.20823,246
87.9182,-4.33637,248
87.9182,-4.33637,248
87.7594,-4.04153,250
87.6455,-3.82846,251
87.6455,-3.82846,251
87.2647,-3.72405,252
86.9684,-3.5264,253
86.1013,-3.20653,255
85.4741,-3.3997,256
84.6289,-3.15142,258
84.9105,-3.39498,257
84.6289,-3.15142,258
82.6593,-3.48141,262
82.6593,-3.48141,262
81.9959,-3.23743,263
81.9959,-3.23743,263
81.9959,-3.23743,263
81.0368,-3.20949,265
81.0368,-3.20949,265
81.0368,-3.20949,265
79.6325,-3.22649,268
79.6325,-3.22649,268
78.0225,-3.2874,271
79.0108,-3.24421,269
77.653,-3.30922,272
78.0225,-3.2874,271
76.9946,-3.34593,273
76.1993,-3.38349,275
75.6181,-3.40289,276
75.6181,-3.40289,276
74.4582,-3.46905,278
74.1823,-3.54571,279
74.1823,-3.54571,279
74.1823,-3.54571,279
73.0666,-3.98172,281
72.5844,-4.00465,282
72.5844,-4.00465,282
71.482,-4.43487,284
71.482,-4.43487,284
70.3036,-5.21386,287
70.3036,-5.21386,287
69.3434,-5.75277,289
69.1112,-6.00125,290
68.8787,-6.24501,291
68.8787,-6.24501,291
68.1471,-6.48067,292
67.8309,-6.76893,293
67.448,-7.15412,294
66.7868,-7.42409,295
66.6857,-7.6589,296
65.9767,-7.98733,297
65.9767,-7.98733,297
65.1923,-9.06869,300
65.1923,-9.06869,300
64.7856,-9.39428,301
64.3299,-9.63831,302
64.1408,-9.99561,303
63.6394,-10.3546,304
63.3773,-10.7379,305
62.9007,-11.0754,306
62.7069,-11.4417,307
62.3742,-11.6306,308
61.8493,-12.0014,309
61.6927,-12.3769,310
60.6911,-12.8162,312
60.6911,-12.8162,312
60.1184,-13.185,313
59.446,-13.6207,315
58.8357,-13.6464,316
58.8357,-13.6464,316
58.5009,-13.8239,317
57.9703,-14.0887,318
57.6564,-14.2598,319
57.2394,-14.497,320
56.747,-14.472,321
56.2458,-14.7433,322
55.9709,-14.9543,323
55.2168,-15.0558,324
54.8968,-15.3,325
54.0855,-15.3538,326
53.4473,-15.6286,328
78.6512,-3.26093,270
53.063,-15.7216,329
78.0225,-3.2874,271
79.6325,-3.22649,268
51.3064,-15.7245,332
79.6325,-3.22649,268
79.6325,-3.22649,268
76.5668,-3.36561,274
39.7659,-16.5351,356
44.5134,-16.5355,346
21.5122,-23.0757,406
47.8445,-15.6064,339
31.2461,-23.6482,386
44.8334,-16.4562,345
30.8609,-23.7851,387
31.2461,-23.6482,386
45.4885,-16.2969,344
31.2461,-23.6482,386
44.8334,-16.4562,345
44.8334,-16.4562,345
44.8334,-16.4562,345
38.913,-16.5932,358
20.2216,-23.2969,409
38.913,-16.5932,358
38.913,-16.5932,358
38.913,-16.5932,358
38.913,-16.5932,358
38.913,-16.5932,358
38.913,-16.5932,358
38.913,-16.5932,358
38.913,-16.5932,358
38.2772,-16.6256,359
38.913,-16.5932,358
38.913,-16.5932,358
35.2829,-16.6699,365
35.2829,-16.6699,365
35.181,-16.7169,366
35.181,-16.7169,366
35.1375,-16.7915,367
35.0685,-16.923,368
34.6553,-17.3929,370
34.2716,-18.5925,372
34.0372,-19.0066,373
33.9165,-19.4175,374
33.9753,-19.938,375
33.7406,-20.4503,376
33.4481,-21.2596,378
33.1635,-21.7815,379
33.028,-22.1239,380
32.9326,-22.6295,381
32.5359,-23.1656,382
32.6013,-23.2007,383
31.9103,-23.6103,385
31.2461,-23.6482,386
31.2461,-23.6482,386
30.8609,-23.7851,387
30.8609,-23.7851,387
30.5272,-23.8784,388
29.9704,-23.9556,389
28.7187,-23.6608,391
28.4703,-23.6367,392
27.9092,-23.8475,393
26.7608,-23.7692,395
26.7608,-23.7692,395
22.1794,-23.3543,405
23.6112,-23.2535,402
22.7869,-23.1603,404
21.5122,-23.0757,406
22.1794,-23.3543,405
22.1794,-23.3543,405
21.5122,-23.0757,406
22.7869,-23.1603,404
21.5122,-23.0757,406
21.2609,-23.0572,407
21.2609,-23.0572,407
21.2609,-23.0572,407
20.2216,-23.2969,409
20.2216,-23.2969,409
20.2216,-23.2969,409
18.6823,-23.2921,412
18.6823,-23.2921,412
17.6545,-23.3838,414
16.9078,-23.1817,415
15.9998,-23.2427,417
16.9078,-23.1817,415
16.5541,-23.2082,416
15.6366,-23.2678,418
13.9084,-23.3513,421
12.6826,-23.4089,424
13.6133,-23.366,422
12.9516,-23.3934,423
12.0693,-23.4352,425
12.0693,-23.4352,425
11.7287,-23.4514,426
11.1814,-23.4732,427
10.7461,-23.4753,428
10.7461,-23.4753,428
10.1513,-23.4532,429
9.60247,-23.4208,430
8.62088,-23.3728,432
7.99193,-23.3853,433
7.65469,-23.4568,434
7.17307,-23.6884,435
6.83892,-23.9324,436
6.58676,-24.1896,437
5.87725,-24.5073,438
5.30328,-25.2479,440
5.30328,-25.2479,440
4.91572,-25.9313,442
4.91572,-25.9313,442
4.29217,-26.8727,444
4.29217,-26.8727,444
3.98513,-27.3859,445
4.12552,-27.7793,446
3.90983,-28.2151,447
3.36271,-28.7683,448
3.06574,-29.5798,450
2.61704,-30.0719,451
2.6557,-30.2571,452
2.6557,-30.2571,452
1.50282,-31.031,454
1.32397,-31.3202,455
0.768233,-31.4738,456
0.333664,-31.8084,457
-0.246211,-31.8159,458
-0.508144,-31.9486,459
-1.02109,-32.1051,460
-1.55141,-32.1909,461
-1.55141,-32.1909,461
-1.55141,-32.1909,461
-3.25602,-31.8996,464
-3.75115,-31.9243,465
-3.75115,-31.9243,465
-4.72161,-31.9711,467
-5.20127,-32.2221,468
-5.70236,-32.2098,469
-6.06993,-32.1776,470
-6.06993,-32.1776,470
-6.87466,-32.1177,471
-7.7051,-32.0384,473
-8.20169,-31.9971,474
-8.69604,-31.9591,475
-8.69604,-31.9591,475
-10.1953,-31.845,478
-9.88074,-31.8702,477
-10.1953,-31.845,478
-10.7549,-31.8086,479
-11.7864,-31.7669,481
-11.7864,-31.7669,481
-12.7917,-31.7704,483
-13.4015,-31.7792,484
-14.3182,-31.7883,486
-14.9134,-31.7877,487
-14.3182,-31.7883,486
-14.9134,-31.7877,487
-15.883,-31.7448,489
-15.883,-31.7448,489
-16.3766,-31.7251,490
-17.0187,-31.6941,491
-17.2553,-31.6739,492
-17.9819,-31.6332,493
-18.3971,-31.6073,494
-18.915,-31.586,495
-19.5594,-31.5807,496
-19.9042,-31.5797,497
-20.4712,-31.5808,498
-20.7457,-31.5829,499
-21.3752,-31.5883,500
-22.4033,-31.597,502
-23.7446,-31.6057,505
-22.6725,-31.5913,503
-23.7446,-31.6057,505
-23.7446,-31.6057,505
-24.3209,-31.6219,506
-24.955,-31.6112,507
-25.3053,-31.6498,508
-25.7463,-31.8202,509
-26.3313,-32.0352,510
-26.7951,-31.9711,511
-27.2383,-32.2209,512
-27.5241,-32.4512,513
-28.0217,-32.8412,514
-28.9485,-33.2138,516
-28.0217,-32.8412,514
-31.2386,-34.1766,521
-31.0259,-34.002,520
-30.3656,-33.7036,519
-31.0259,-34.002,520
-31.2386,-34.1766,521
-31.7839,-34.2095,522
-32.3056,-34.7304,523
-32.6631,-34.6843,524
-32.9701,-34.8836,525
-33.3537,-35.1184,526
-33.9326,-35.1522,527
-34.6702,-35.4875,528
-35.2176,-35.843,530
-35.2176,-35.843,530
-36.4961,-36.1642,532
-36.4961,-36.1642,532
-36.7643,-36.3208,533
-36.7643,-36.3208,533
-37.9223,-36.6592,535
-38.8169,-37.1896,537
-38.8169,-37.1896,537
-39.0928,-37.3916,538
-40.374,-37.5066,540
-40.6854,-37.5635,541
-40.6854,-37.5635,541
-41.3771,-37.64,542
-41.8164,-37.6989,543
-42.237,-37.7585,544
-42.9454,-37.5767,545
-43.7209,-37.9296,547
-43.7209,-37.9296,547
-44.7724,-37.8311,549
-44.7724,-37.8311,549
-45.3464,-38.192,550
-45.8726,-38.0451,551
-48.1542,-38.1682,556
-48.1542,-38.1682,556
-49.9434,-38.0893,559
-48.1542,-38.1682,556
-54.9176,-38.1776,569
-51.1667,-38.0343,562
-48.7122,-38.1416,557
-49.9434,-38.0893,559
-46.292,-38.1141,552
-57.5348,-37.964,575
-54.9176,-38.1776,569
-52.8214,-38.0612,565
-54.2348,-37.9442,568
-53.409,-38.274,566
-53.409,-38.274,566
-53.6994,-37.9928,567
-54.2348,-37.9442,568
-55.2619,-38.1874,570
-55.8512,-38.1878,571
-57.1939,-38.2002,574
-56.8607,-37.9372,573
-56.8607,-37.9372,573
-57.5348,-37.964,575
-58.0988,-37.9901,576
-59.2376,-38.284,578
-58.6503,-38.2654,577
-59.2376,-38.284,578
-60.4601,-38.0224,581
-60.1603,-38.0237,580
-61.4816,-37.9894,583
-63.0013,-38.153,586
-60.1603,-38.0237,580
-63.0013,-38.153,586
-63.0013,-38.153,586
-62.3367,-37.9224,585
-65.1049,-38.159,590
-62.3367,-37.9224,585
-65.5123,-38.169,591
-65.5123,-38.169,591
-65.822,-38.133,592
-67.3656,-38.0672,595
-67.9711,-38.0643,596
-68.8402,-38.0678,598
-67.9711,-38.0643,596
-68.4727,-38.0657,597
-68.8402,-38.0678,598
-68.4727,-38.0657,597
-70.431,-38.0916,601
-70.1076,-38.0839,600
-70.431,-38.0916,601
-72.4978,-38.1339,605
-72.4978,-38.1339,605
-72.4978,-38.1339,605
-73.5356,-38.1369,607
-72.8257,-38.1353,606
-74.1498,-38.1355,608
-74.5213,-38.1348,609
-76.0766,-38.129,612
-75.4359,-38.1336,611
-76.0766,-38.129,612
-76.3187,-38.1262,613
-77.5188,-38.1206,615
-77.5188,-38.1206,615
-78.0267,-38.1157,616
-78.4785,-38.1103,617
-79.1131,-38.1028,618
-79.529,-38.0962,619
-80.0895,-38.0868,620
-80.7154,-38.0759,621
-80.7154,-38.0759,621
-81.7893,-38.0592,623
-81.7893,-38.0592,623
-83.3875,-38.0375,626
-83.8179,-38.0375,627
-83.8179,-38.0375,627
-84.1294,-38.0408,628
-84.7542,-38.0496,629
-85.3058,-38.0603,630
-88.7646,-38.146,637
-88.7646,-38.146,637
-87.7536,-38.1511,635
-85.3058,-38.0603,630
-89.0085,-38.1422,638
-88.3843,-38.151,636
-89.0085,-38.1422,638
-88.3843,-38.151,636
-89.8336,-38.1288,639
-90.4472,-38.1178,640
-90.8943,-38.1102,641
-91.8157,-38.0917,643
-92.3109,-38.0801,644
-92.3109,-38.0801,644
-92.8646,-38.0641,645
-93.3502,-38.0542,646
-94.2248,-38.0622,648
-94.2248,-38.0622,648
-94.6481,-38.0682,649
-95.5314,-38.0829,650
-95.8946,-38.0918,651
-96.8764,-38.1198,653
-97.4178,-38.1364,654
-97.9023,-38.1401,655
-97.9023,-38.1401,655
-98.3941,-38.1386,656
-99.4472,-38.0849,658
-99.4472,-38.0849,658
-99.9539,-38.0577,659
-100.306,-38.0243,660
-102.454,-38.2123,664
-101.575,-38.1903,662
-101.926,-38.2018,663
-103.067,-38.2131,665
-103.067,-38.2131,665
-104.069,-38.1725,667
-104.469,-37.9055,668
-105.062,-37.8868,669
-105.481,-37.8689,670
-105.481,-37.8689,670
-108.773,-38.0323,677
-107.253,-38.2334,674
-107.253,-38.2334,674
-108.358,-38.0273,676
-108.358,-38.0273,676
-108.773,-38.0323,677
-109.376,-38.2788,678
-109.842,-38.2645,679
-110.714,-38.1892,681
-110.714,-38.1892,681
-111.332,-38.1325,682
-111.832,-38.0995,683
-111.832,-38.0995,683
-112.995,-38.1021,685
-112.995,-38.1021,685
-113.854,-38.1335,687
-113.854,-38.1335,687
-114.762,-38.1702,689
-115.386,-38.1792,690
-115.813,-38.1793,691
-116.442,-38.1566,692
-117.388,-38.1321,694
-116.442,-38.1566,692
-118.639,-38.1195,696
-118.639,-38.1195,696
-119.931,-38.1163,699
-119.206,-38.1155,698
-119.206,-38.1155,698
-120.431,-37.8687,700
-122.235,-38.1169,704
-122.235,-38.1169,704
-122.235,-38.1169,704
-120.431,-37.8687,700
-122.235,-38.1169,704
-123.239,-38.0502,706
-123.527,-38.0335,707
-124.47,-38.0301,708
-124.47,-38.0301,708
-125.442,-38.0479,710
-125.873,-38.0614,711
-126.415,-38.08,712
-127.464,-38.1129,714
-126.75,-38.0905,713
-126.415,-38.08,712
-127.801,-38.1303,715
-128.074,-38.1374,716
-129.28,-38.1043,718
-129.885,-38.0854,719
-130.202,-38.0725,720
-130.549,-38.0579,721
-131.114,-38.0325,722
-131.424,-38.0157,723
-132.069,-37.9889,724
-131.424,-38.0157,723
-135.195,-38.065,730
-134.553,-38.0418,729
-134.209,-38.0292,728
-133.598,-38.0135,727
-134.553,-38.0418,729
-135.545,-38.0729,731
-136.408,-38.0662,733
-136.408,-38.0662,733
-136.408,-38.0662,733
-135.545,-38.0729,731
-137.964,-38.0667,736
-137.964,-38.0667,736
-140.41,-38.1058,741
-139.742,-38.1502,740
-139.742,-38.1502,740
-139.387,-38.149,739
-139.387,-38.149,739
-139.387,-38.149,739
-137.397,-38.0585,735
-137.964,-38.0667,736
-143.311,-37.921,747
-143.311,-37.921,747
-144.069,-37.9092,748
-144.388,-37.902,749
-145.382,-37.8858,751
-146.263,-37.8705,753
-147.397,-37.8572,755
-146.961,-37.8626,754
-146.961,-37.8626,754
-147.397,-37.8572,755
-148.206,-37.8489,757
-148.206,-37.8489,757
-149.588,-37.8503,759
-149.588,-37.8503,759
-149.964,-37.851,760
-149.964,-37.851,760
-149.964,-37.851,760
-151.42,-37.8627,763
-153.027,-37.8794,766
-153.027,-37.8794,766
-153.475,-37.8903,767
-153.475,-37.8903,767
-153.772,-37.9001,768
-154.514,-37.9074,769
-154.954,-37.9096,770
-155.717,-37.9185,771
-156.022,-37.9229,772
-156.623,-37.9101,773
-156.972,-37.894,774
-157.332,-37.8783,775
-158.147,-37.85,776
-158.349,-37.8459,777
-158.902,-37.8349,778
-159.464,-37.8267,779
-160.818,-37.8402,782
-159.848,-37.5756,780
-160.818,-37.8402,782
-161.719,-37.8763,784
-162.334,-37.891,785
-162.334,-37.891,785
-162.334,-37.891,785
-162.801,-37.8897,786
-164.001,-37.5925,788
-164.001,-37.5925,788
-165.328,-37.8537,791
-165.996,-37.8635,792
-166.597,-37.8614,793
-166.911,-37.8438,794
-166.911,-37.8438,794
-168.039,-37.7934,796
-168.039,-37.7934,796
-168.039,-37.7934,796
-168.552,-37.7717,797
-168.552,-37.7717,797
-168.871,-37.7542,798
-170.486,-37.6753,801
-169.872,-37.6961,800
-170.486,-37.6753,801
-171.835,-37.6693,804
-173.145,-37.6805,806
-173.145,-37.6805,806
-175.44,-37.7146,811
-174.393,-37.7188,809
-175.44,-37.7146,811
-175.44,-37.7146,811
-175.44,-37.7146,811
-176.488,-37.7046,813
-176.488,-37.7046,813
-176.488,-37.7046,813
-178.533,-37.7901,817
-177.983,-37.5188,816
-178.533,-37.7901,817
-178.825,-37.7975,818
-178.825,-37.7975,818
-180.015,-37.5372,820
-180.015,-37.5372,820
-181.58,-37.6363,823
-182.044,-37.6642,824
-182.044,-37.6642,824
-181.58,-37.6363,823
-182.044,-37.6642,824
-183.079,-37.6619,826
-184.48,-37.7803,829
-184.48,-37.7803,829
-184.48,-37.7803,829
-185.331,-37.6795,831
-186.289,-37.6871,833
-186.289,-37.6871,833
-187.992,-37.6518,836
-188.557,-37.6355,837
-187.512,-37.6662,835
-187.992,-37.6518,836
-188.557,-37.6355,837
-189.982,-37.6033,840
-189.982,-37.6033,840
-190.489,-37.5952,841
-191.246,-37.5953,842
-191.8,-37.5957,844
-192.458,-37.5934,845
-192.964,-37.5902,846
-192.964,-37.5902,846
-193.335,-37.5862,847
-193.335,-37.5862,847
-195.102,-37.3257,850
-195.102,-37.3257,850
-195.601,-37.571,851
-196.026,-37.5846,852
-196.917,-37.6075,854
-197.412,-37.6017,855
-198.097,-37.5687,856
-198.592,-37.5279,857
-198.592,-37.5279,857
-198.592,-37.5279,857
-200.042,-37.4699,860
-200.042,-37.4699,860
-200.447,-37.4984,861
-200.994,-37.5301,862
-201.331,-37.5381,863
-201.331,-37.5381,863
-203.043,-37.4708,866
-203.61,-37.4555,867
-203.61,-37.4555,867
-203.61,-37.4555,867
-204.103,-37.445,868
-205.224,-37.4478,870
-205.224,-37.4478,870
-205.473,-37.4514,871
-206.135,-37.4435,872
-207.133,-37.4269,874
-207.705,-37.1713,875
-207.705,-37.1713,875
-207.705,-37.1713,875
-209.12,-37.4739,878
-209.12,-37.4739,878
-210.3,-37.244,880
-210.681,-37.2433,881
-210.681,-37.2433,881
-211.484,-37.2404,883
-212.268,-37.2454,884
-212.71,-37.2523,885
-213.275,-37.2629,886
-214.143,-37.2811,888
-214.143,-37.2811,888
-214.835,-37.5396,889
-214.835,-37.5396,889
-214.143,-37.2811,888
-214.143,-37.2811,888
-215.734,-37.4682,891
-216.25,-37.4135,892
-217.847,-37.1744,895
-218.213,-37.1256,896
-218.638,-37.0767,897
-219.74,-37.0268,899
-219.74,-37.0268,899
-220.747,-37.0056,901
-220.747,-37.0056,901
-220.747,-37.0056,901
-221.624,-37.0036,903
-222.088,-36.998,904
-223.269,-36.953,906
-223.772,-36.9393,907
-223.772,-36.9393,907
-224.257,-36.9194,908
-225.279,-36.5717,910
-225.862,-36.7993,911
-225.862,-36.7993,911
-225.862,-36.7993,911
-227.384,-36.824,914
-227.384,-36.824,914
-227.766,-36.7543,915
-228.288,-36.5495,916
-228.562,-36.3241,917
-228.953,-35.912,918
-229.308,-35.7551,919
-229.56,-35.2514,920
-229.833,-34.7621,921
-230.016,-33.9956,923
-230.016,-33.9956,923
-230.217,-33.6996,924
-230.127,-32.9516,925
-230.228,-32.6398,926
-230.294,-32.2062,927
-230.267,-31.5914,928
-230.096,-31.0938,929
-230.223,-30.6172,930
-230.417,-30.0909,931
-230.637,-29.6769,932
-230.739,-28.9851,933
-230.785,-28.8141,934
-230.785,-28.8141,934
-230.692,-28.1579,935
-230.767,-27.064,937
-230.853,-26.723,938
-230.625,-25.6836,940
-230.625,-25.6836,940
-230.726,-25.209,941
-230.64,-24.5995,942
-230.633,-24.1478,943
-230.751,-23.624,944
-230.863,-22.2842,947
-230.818,-21.6727,948
-230.863,-22.2842,947
-230.739,-22.8112,946
-230.668,-20.4298,950
-230.668,-20.4298,950
-230.41,-20.1313,951
-230.41,-20.1313,951
-230.704,-18.608,954
-230.637,-19.133,953
-230.611,-18.2618,955
-230.611,-18.2618,955
-230.099,17.1971,1025
-224.793,-36.6327,909
-227.384,-36.824,914
-226.078,-36.807,912
-226.078,-36.807,912
-226.727,-36.8432,913
-217.847,-37.1744,895
-207.133,-37.4269,874
-217.847,-37.1744,895
-230.041,29.0033,1049
-210.3,-37.244,880
-217.847,-37.1744,895
-218.213,-37.1256,896
-230.108,33.0946,1057
-215.159,-37.2788,890
-230.074,28.1836,1047
-230.217,-33.6996,924
-230.217,-33.6996,924
-230.217,-33.6996,924
-230.217,-33.6996,924
-229.308,-35.7551,919
-229.308,-35.7551,919
-229.308,-35.7551,919
-230.637,-29.6769,932
-230.637,-29.6769,932
-230.527,-11.5489,968
-230.591,-10.4331,970
-230.587,-9.82656,971
-230.597,-9.57578,972
-230.597,-9.57578,972
-230.347,-9.13605,973
-230.563,-8.47091,974
-230.384,-7.38279,976
-230.416,-6.80442,977
-230.439,-6.51442,978
-230.476,-5.9233,979
-230.469,-5.48557,980
-230.487,-4.88001,981
-230.487,-4.88001,981
-230.488,-4.39965,982
-230.385,-2.94939,985
-230.385,-2.94939,985
-230.385,-2.94939,985
-230.49,-0.884682,989
-230.49,-0.884682,989
-230.487,-1.37351,988
-230.484,-0.462013,990
-230.484,-0.462013,990
-230.486,0.918445,993
-230.486,0.918445,993
-230.54,1.73362,994
-230.54,1.73362,994
-230.54,1.73362,994
-230.254,3.67859,998
-230.398,3.11037,997
-230.304,4.19174,999
-230.316,4.69818,1000
-230.287,4.94127,1001
-230.287,5.53628,1002
-230.281,6.12283,1003
-230.309,6.55671,1004
-230.36,7.01572,1005
-230.303,7.58546,1006
-230.338,7.99157,1007
-230.302,8.31212,1008
-230.31,8.92333,1009
-230.163,9.43512,1010
-230.132,10.1193,1011
-230.426,10.6774,1012
-230.371,11.5134,1014
-230.369,10.9766,1013
-230.073,12.0502,1015
-230.255,13.7062,1018
-230.358,12.9277,1017
-230.255,13.7062,1018
-230.335,13.9352,1019
-230.305,14.54,1020
-230.148,15.1634,1021
-230.426,15.7864,1022
-230.173,16.3034,1023
-230.173,16.3034,1023
-230.121,16.8259,1024
-230.045,17.6456,1026
-230.061,18.5743,1028
-230.061,18.5743,1028
-230.053,20.1542,1031
-230.024,19.6286,1030
-230.024,19.6286,1030
-230.071,20.9213,1032
-230.063,21.1525,1033
-230.105,21.7124,1034
-230.165,22.0134,1035
-230.169,22.62,1036
-230.186,23.101,1037
-230.007,23.6463,1038
-230.03,24.0252,1039
-230.054,24.8261,1040
-230.054,24.8261,1040
-230.002,25.1102,1041
-230.209,26.1213,1043
-230.148,27.1321,1045
-230.148,27.1321,1045
-230.241,27.6443,1046
-230.005,28.4767,1048
-230.005,28.4767,1048
-230.109,29.5925,1050
-230.109,29.5925,1050
-229.908,30.1564,1051
-229.894,30.4182,1052
-229.887,30.9468,1053
-229.997,31.5105,1054
-230.06,32.0117,1055
-230.021,32.5309,1056
-230.108,33.0946,1057
-230.165,33.3389,1058
-230.001,34.1523,1059
-230.055,34.4429,1060
-229.819,34.9735,1061
-230.068,35.4604,1062
-230.096,35.9541,1063
-230.087,36.5404,1064
-229.897,36.8205,1065
-229.924,37.3527,1066
-229.973,37.8796,1067
-230.074,38.4103,1068
-229.895,38.6903,1069
-229.95,39.287,1070
-229.783,39.8302,1071
-230.102,40.0126,1072
-229.918,40.834,1073
-230.019,41.3452,1074
-230.117,41.5887,1075
-229.889,42.1634,1076
-229.957,42.6892,1077
-230.106,43.7282,1079
-230.106,43.7282,1079
-229.917,43.9615,1080
-230.003,44.4665,1081
-230.074,44.9786,1082
-230.074,44.9786,1082
-230.207,45.4676,1083
-247.827,45.6817,1129
-230.212,45.7572,1085
-230.453,45.6987,1086
-230.517,45.7948,1087
-230.945,45.8199,1088
-230.94,45.8093,1089
-230.667,45.9893,1090
-230.667,45.9893,1090
-231.733,45.7657,1092
-231.733,45.7657,1092
-232.468,46.3714,1094
-231.696,45.573,1093
-233.034,46.3048,1096
-233.636,46.2489,1097
-233.636,46.2489,1097
-234.38,46.152,1098
-233.636,46.2489,1097
-234.38,46.152,1098
-234.708,46.1167,1099
-236.913,46.4302,1103
-236.913,46.4302,1103
-236.036,46.2516,1102
-236.913,46.4302,1103
-238.813,46.0638,1107
-238.813,46.0638,1107
-239.392,46.2722,1108
-239.933,46.28,1109
-240.251,46.2885,1110
-241.005,46.2854,1111
-241.79,46.2782,1113
-241.79,46.2782,1113
-242.479,46.054,1114
-242.958,46.076,1115
-244.164,46.3968,1118
-244.164,46.3968,1118
-244.164,46.3968,1118
-244.653,46.4545,1119
-245.963,46.311,1121
-245.963,46.311,1121
-246.249,46.3489,1122
-246.625,46.3538,1123
-247.442,46.244,1124
-247.371,46.2482,1125
-247.464,46.1824,1126
-247.817,45.5322,1130
-247.827,45.6817,1129
-247.718,45.9479,1127
-276.875,35.1604,1207
-247.329,43.4948,1136
-247.712,45.2956,1132
-247.329,43.4948,1136
-247.329,43.4948,1136
-247.299,43.1916,1137
-247.466,42.6892,1138
-247.55,42.2168,1139
-247.488,41.8691,1140
-247.667,41.0586,1141
-247.666,40.5813,1142
-247.697,39.7976,1144
-248.129,39.3261,1145
-248.259,38.8194,1146
-248.259,38.8194,1146
-248.23,38.3435,1147
-248.492,37.9887,1148
-248.602,37.5494,1149
-249.237,37.1921,1150
-249.305,36.9746,1151
-249.613,36.4394,1152
-249.761,36.0803,1153
-250.396,35.7565,1154
-250.396,35.7565,1154
-251.457,35.4075,1156
-251.853,35.1823,1157
-251.853,35.1823,1157
-252.66,34.903,1159
-253.572,34.8253,1161
-253.572,34.8253,1161
-254.218,35.0913,1162
-254.784,34.8975,1163
-255.346,34.9497,1164
-256.367,35.0657,1166
-257.894,35.1442,1169
-258.508,35.1582,1170
-258.997,35.1678,1171
-258.997,35.1678,1171
-258.997,35.1678,1171
-258.997,35.1678,1171
-259.61,35.1744,1172
-260.004,35.1674,1173
-260.472,35.1395,1174
-260.898,35.1121,1175
-261.382,35.0814,1176
-261.8,35.0481,1177
-262.761,35.0383,1179
-262.761,35.0383,1179
-263.297,35.3341,1180
-264.017,35.3746,1181
-264.494,35.1095,1182
-264.942,35.3377,1183
-264.942,35.3377,1183
-265.386,35.0784,1184
-265.904,35.29,1185
-265.904,35.29,1185
-266.954,34.9393,1187
-267.323,35.1535,1188
-267.657,35.1223,1189
-269.869,35.3814,1193
-269.869,35.3814,1193
-270.513,35.143,1194
-270.513,35.143,1194
-270.814,35.3875,1195
-270.814,35.3875,1195
-270.814,35.3875,1195
-271.289,35.3675,1196
-272.291,35.3017,1198
-273.453,35.2636,1200
-273.741,35.2464,1201
-274.378,35.2205,1202
-275.485,35.1677,1204
-275.485,35.1677,1204
-276.612,35.1571,1206
-276.612,35.1571,1206
-277.427,35.1691,1208
-276.875,35.1604,1207
-279.011,35.1975,1211
-279.011,35.1975,1211
-279.817,35.2077,1212
-279.817,35.2077,1212
-280.731,35.2152,1214
-280.001,35.2109,1213
-281.703,35.2335,1216
-281.703,35.2335,1216
-282.209,35.2535,1217
-282.209,35.2535,1217
-283.616,35.2658,1220
-285.218,35.2526,1223
-284.831,35.2573,1222
-284.831,35.2573,1222
-285.218,35.2526,1223
-285.218,35.2526,1223
-286.082,35.2401,1225
-287.321,35.2304,1227
-287.751,35.2226,1228
-288.433,35.2048,1229
-288.433,35.2048,1229
-288.811,35.1876,1230
-289.311,35.1611,1231
-290.267,35.1421,1233
-290.641,35.1352,1234
-291.863,35.1374,1236
-292.799,35.164,1238
-290.641,35.1352,1234
-292.799,35.164,1238
-292.488,35.153,1237
-293.652,35.1939,1240
-293.652,35.1939,1240
-293.652,35.1939,1240
-294.19,35.2128,1241
-294.19,35.2128,1241
-294.819,35.2367,1242
-295.525,35.2569,1243
-296.808,35.236,1246
-297.691,35.2044,1247
-298.071,35.1851,1248
-298.071,35.1851,1248
-298.785,35.1631,1250
-298.785,35.1631,1250
-298.785,35.1631,1250
-299.548,35.1733,1251
-300.429,35.1988,1253
-300.935,35.2152,1254
-301.984,35.0146,1256
-301.984,35.0146,1256
-301.984,35.0146,1256
-301.984,35.0146,1256
-302.217,35.046,1257
-304.034,35.2606,1260
-304.564,35.2851,1261
-304.768,35.2336,1262
-305.974,35.1105,1264
-305.974,35.1105,1264
-305.974,35.1105,1264
-306.387,35.0023,1265
-307.359,34.8243,1267
-307.359,34.8243,1267
-307.631,34.5428,1268
-308.648,34.8233,1270
-308.648,34.8233,1270
-309.971,34.9125,1272
-311.089,34.884,1274
-311.089,34.884,1274
-311.582,34.8516,1275
-311.956,34.8226,1276
-312.574,34.7865,1277
-312.574,34.7865,1277
-312.939,34.7645,1278
-313.296,34.7475,1279
-314.549,34.7574,1281
-315.094,34.7633,1282
-315.649,34.775,1283
-315.649,34.775,1283
-315.898,34.781,1284
-316.949,34.8081,1286
-317.579,34.8215,1287
-317.579,34.8215,1287
-318.698,34.8494,1289
-318.698,34.8494,1289
-319.805,34.8601,1291
-319.805,34.8601,1291
-320.426,34.8542,1292
-320.734,34.8543,1293
-321.471,34.8455,1294
-322.36,34.8251,1296
-322.36,34.8251,1296
-322.861,34.8099,1297
-323.305,34.7959,1298
-324.372,34.7622,1300
-324.372,34.7622,1300
-324.681,34.751,1301
-325.296,34.7396,1302
-326.269,34.7474,1304
-326.269,34.7474,1304
-327.216,34.7355,1306
-327.824,34.9581,1307
-328.545,34.6726,1309
-328.545,34.6726,1309
-329.093,34.9231,1310
-329.093,34.9231,1310
-330.326,34.8755,1312
-330.326,34.8755,1312
-330.684,34.8428,1313
-330.684,34.8428,1313
-332.615,34.7078,1317
-332.615,34.7078,1317
-333.211,34.7248,1318
-333.587,34.7528,1319
-334.084,34.7898,1320
-334.712,34.5836,1321
-335.063,34.6145,1322
-335.483,34.6489,1323
-336.122,34.9484,1324
-336.833,34.736,1325
-337.189,34.9772,1326
-337.189,34.9772,1326
-337.666,34.9614,1327
-339.047,34.8554,1330
-339.684,34.857,1331
-339.94,34.8614,1332
-339.94,34.8614,1332
-341.111,34.8772,1334
-341.111,34.8772,1334
-341.61,34.867,1335
-342.291,34.8396,1336
-342.626,34.8198,1337
-342.626,34.8198,1337
-343.484,34.7616,1339
-343.484,34.7616,1339
-345.145,34.7454,1342
-345.577,34.748,1343
-345.577,34.748,1343
-346.637,34.7569,1345
-347.141,34.7609,1346
-347.699,34.7663,1347
-348.016,34.7702,1348
-348.435,34.7734,1349
-348.435,34.7734,1349
-349.129,34.7815,1350
-349.129,34.7815,1350
-351.004,35.0286,1354
-351.004,35.0286,1354
-351.4,34.7694,1355
-352.126,34.7469,1356
-352.478,34.7424,1357
-353.038,34.7379,1358
-353.461,34.7345,1359
-354.023,34.7357,1360
-354.705,34.7396,1361
-354.997,34.7427,1362
-355.547,34.7493,1363
-356.276,34.7566,1364
-356.77,34.7625,1365
-357.002,34.7649,1366
-357.632,34.7721,1367
-358.076,34.7754,1368
-358.621,34.7813,1369
-359.283,34.7878,1370
-359.583,34.7904,1371
-360.129,34.7924,1372
-360.687,35.0416,1373
-361.099,35.0392,1374
-361.632,34.7691,1375
-362.286,34.7082,1376
-362.625,34.6601,1377
-363.153,34.6474,1378
-363.63,34.9083,1379
-363.63,34.9083,1379
-364.755,34.4833,1381
-365.212,34.7745,1382
-366.169,34.8345,1384
-365.212,34.7745,1382
-366.829,34.8333,1385
-366.829,34.8333,1385
-367.178,35.0638,1386
-368.076,34.7142,1388
-368.076,34.7142,1388
-368.947,34.9117,1390
-369.664,35.0479,1391
-370.204,34.9791,1392
-370.204,34.9791,1392
-371.058,35.3776,1394
-371.431,35.2894,1395
-371.884,35.6274,1396
-371.884,35.6274,1396
-372.979,35.4456,1398
-373.457,35.3617,1399
-373.89,35.2817,1400
-374.472,35.4252,1401
-375.734,35.177,1404
-375.734,35.177,1404
-376.771,34.9443,1406
-376.771,34.9443,1406
-376.771,34.9443,1406
-377.385,34.8181,1407
-379.356,34.776,1411
-378.782,34.8697,1410
-379.356,34.776,1411
-379.356,34.776,1411
-380.034,34.3256,1413
-380.667,34.1698,1414
-381.524,33.6376,1416
-382.069,33.3928,1417
-382.388,33.5295,1418
-382.788,33.4765,1419
-382.788,33.4765,1419
-382.788,33.4765,1419
-382.788,33.4765,1419
-382.788,33.4765,1419
-384.763,33.648,1423
-384.763,33.648,1423
-385.368,33.6242,1424
-385.368,33.6242,1424
-386.371,33.5104,1426
-386.614,33.4653,1427
-386.614,33.4653,1427
-387.164,33.4093,1428
-387.774,33.3739,1429
-388.842,33.384,1431
-389.514,33.4308,1432
-389.957,33.462,1433
-389.957,33.462,1433
-391.435,33.5829,1436
-391.736,33.6026,1437
-392.411,33.6162,1438
-392.777,33.6181,1439
-393.454,33.621,1440
-393.454,33.621,1440
-393.454,33.621,1440
-393.714,33.6203,1441
-394.756,33.6162,1443
-395.254,33.6128,1444
-395.254,33.6128,1444
-396.317,33.5822,1446
-396.317,33.5822,1446
-396.726,33.5694,1447
-397.948,33.585,1449
-398.502,33.617,1450
-398.502,33.617,1450
-399.433,33.7089,1452
-399.433,33.7089,1452
-400.424,33.7202,1454
-400.839,33.7062,1455
-400.839,33.7062,1455
-402.055,33.6582,1457
-402.666,33.6705,1458
-402.666,33.6705,1458
-403.022,33.6805,1459
-403.022,33.6805,1459
-404.327,33.7451,1462
-404.327,33.7451,1462
-405.006,33.5567,1463
-405.006,33.5567,1463
-408.077,33.8293,1469
-408.077,33.8293,1469
-407.408,33.8249,1468
-408.077,33.8293,1469
-408.589,33.8252,1470
-410.693,33.7766,1474
-409.493,33.8012,1472
-409.855,33.7845,1473
-410.693,33.7766,1474
-410.693,33.7766,1474
-410.991,33.7837,1475
-411.363,33.7963,1476
-412.001,33.8166,1477
-412.907,33.8481,1479
-413.665,33.862,1480
-413.913,33.8679,1481
-414.547,33.8739,1482
-414.547,33.8739,1482
-415.156,33.8797,1483
-415.91,33.8848,1485
-416.27,33.8852,1486
-417.068,33.8864,1487
-417.068,33.8864,1487
-417.828,33.8781,1489
-418.307,33.874,1490
-419.143,33.8862,1491
-419.471,33.8904,1492
-419.471,33.8904,1492
-420.451,33.8974,1494
-420.799,33.9018,1495
-421.424,33.9117,1496
-421.97,33.9214,1497
-422.603,33.9282,1498
-423.04,33.931,1499
-423.462,33.914,1500
-423.73,33.8503,1501
-423.73,33.8503,1501
-424.862,33.57,1503
-425.68,33.7557,1504
-426.059,33.7114,1505
-426.059,33.7114,1505
-427.017,33.5802,1507
-427.843,33.4447,1509
-427.843,33.4447,1509
-428.381,33.3458,1510
-429.003,33.2539,1511
-429.44,33.1724,1512
-429.44,33.1724,1512
-429.44,33.1724,1512
-430.109,33.065,1513
-432.503,32.9169,1518
-431.101,33.1615,1515
-432.157,33.0108,1517
-432.825,32.8498,1519
-433.447,32.8531,1520
-433.447,32.8531,1520
-433.748,32.9964,1521
-434.815,33.2765,1523
-434.815,33.2765,1523
-435.25,33.5066,1524
-435.57,33.716,1525
-436.548,34.182,1527
-436.548,34.182,1527
-437.218,34.0668,1528
-437.759,34.1291,1529
-438.173,34.1676,1530
-438.717,34.2223,1531
-439.251,34.2532,1532
-439.808,34.2716,1533
-440.861,34.2992,1535
-440.861,34.2992,1535
-441.742,34.317,1537
-442.673,34.3257,1538
-442.673,34.3257,1538
-443.47,34.3326,1540
-443.773,34.3349,1541
-443.773,34.3349,1541
-444.399,34.3446,1542
-444.965,34.3502,1543
-445.469,34.3531,1544
-445.97,34.3564,1545
-446.522,34.3591,1546
-447.33,34.3783,1548
-447.33,34.3783,1548
-447.33,34.3783,1548
-447.904,34.3936,1549
-450.197,34.4547,1553
-450.197,34.4547,1553
-450.197,34.4547,1553
-450.388,34.4638,1554
-451.135,34.4861,1555
-451.135,34.4861,1555
-452.444,34.5195,1558
-452.939,34.5335,1559
-452.939,34.5335,1559
-454.413,34.5698,1562
-453.939,34.5593,1561
-454.413,34.5698,1562
-455.107,34.5796,1563
-456.609,34.6069,1566
-456.609,34.6069,1566
-456.609,34.6069,1566
-461.4,34.69,1576
-458.081,34.6852,1569
-458.081,34.6852,1569
-462.006,34.7762,1577
-461.4,34.69,1576
-460.978,34.6381,1575
-460.493,34.5743,1574
-432.825,32.8498,1519
-432.825,32.8498,1519
-429.003,33.2539,1511
-432.825,32.8498,1519
-452.444,34.5195,1558
-454.413,34.5698,1562
-440.236,34.2834,1534
-440.861,34.2992,1535
-460.978,34.6381,1575
-462.006,34.7762,1577
-464.668,34.9472,1582
-465.667,34.8867,1584
-465.667,34.8867,1584
-466.718,34.8104,1586
-467.701,34.7341,1588
-456.609,34.6069,1566
-468.049,34.7156,1589
-468.975,34.6974,1591
-469.471,34.692,1592
-470.036,34.6919,1593
-470.413,34.6917,1594
-472.577,34.6769,1598
-471.462,34.6884,1596
-472.577,34.6769,1598
-472.577,34.6769,1598
-473.067,34.6728,1599
-473.547,34.6696,1600
-474.116,34.6564,1601
-474.841,34.6258,1603
-475.649,34.8397,1604
-475.649,34.8397,1604
-475.649,34.8397,1604
-475.886,34.5394,1605
-475.886,34.5394,1605
-476.593,34.6839,1606
-476.593,34.6839,1606
-478.419,34.4321,1610
-479.037,34.4075,1611
-477.081,34.606,1607
-479.037,34.4075,1611
-480.695,34.4598,1614
-481.001,34.4722,1615
-481.685,34.4855,1616
-481.685,34.4855,1616
-482.735,34.4551,1618
-483.05,34.4376,1619
-481.986,34.4806,1617
-481.986,34.4806,1617
-479.037,34.4075,1611
-486.016,34.2605,1624
-484.089,34.3805,1621
-486.448,34.2478,1625
-486.886,34.2411,1626
-487.883,34.2372,1628
-487.883,34.2372,1628
-488.199,34.2385,1629
-490.142,34.2541,1633
-489.138,34.2447,1631
-489.76,34.2501,1632
-489.76,34.2501,1632
-490.142,34.2541,1633
-490.142,34.2541,1633
-491.567,34.172,1635
-492.339,34.0965,1637
-492.887,34.0767,1638
-493.626,34.0748,1639
-493.946,34.0775,1640
-493.626,34.0748,1639
-493.946,34.0775,1640
-496.218,34.1012,1644
-496.218,34.1012,1644
-497.265,34.0573,1646
-497.265,34.0573,1646
-499.418,33.8902,1650
-498.106,34.005,1648
-499.418,33.8902,1650
-499.418,33.8902,1650
-499.717,33.8512,1651
-499.717,33.8512,1651
-500.086,33.8047,1652
-501.436,33.654,1654
-502.286,33.775,1656
-502.286,33.775,1656
-502.888,33.6761,1657
-503.236,33.613,1658
-503.672,33.5169,1659
-504.268,33.4202,1660
-504.991,33.3444,1661
-505.471,33.555,1662
-505.471,33.555,1662
-506.545,33.2428,1664
-506.545,33.2428,1664
-506.906,33.1865,1665
-507.873,33.2599,1667
-507.873,33.2599,1667
-508.878,32.9616,1669
-509.387,33.1948,1670
-509.817,33.1789,1671
-510.41,33.1632,1672
-510.71,33.1533,1673
-510.71,33.1533,1673
-511.392,33.1415,1674
-511.879,32.8832,1675
-512.809,33.1244,1677
-513.291,33.1255,1678
-513.97,33.1258,1679
-514.58,33.1053,1680
-514.884,33.0781,1681
-514.884,33.0781,1681
-515.484,32.9846,1682
-516.42,32.6663,1684
-516.643,32.5172,1685
-516.643,32.5172,1685
-517.201,32.2676,1686
-518.245,32.3244,1688
-518.724,32.2726,1689
-519.463,32.1849,1690
-519.762,32.1191,1691
-520.382,32.0243,1692
-520.67,31.9644,1693
-521.666,31.9136,1695
-522.147,31.9943,1696
-522.147,31.9943,1696
-522.512,32.1597,1697
-522.916,32.4522,1698
-523.271,32.4418,1699
-523.309,32.5798,1700
-523.48,33.0042,1701
-523.432,33.2269,1702
-523.415,33.6883,1703
-523.428,34.3053,1704
-523.264,34.7623,1705
-523.222,35.3382,1706
-523.178,35.837,1707
-523.157,36.3757,1708
-523.224,36.9485,1709
-522.999,37.3748,1710
-523.088,37.8302,1711
-522.969,38.4099,1712
-522.969,38.4099,1712
-522.796,39.3367,1714
-522.765,39.7813,1715
-522.516,40.1497,1716
-522.324,40.7413,1717
-522.242,41.3016,1718
-522.202,41.6975,1719
-521.958,42.2026,1720
-522.051,42.7354,1721
-522.057,43.1824,1722
-522.14,43.8616,1723
-522.097,44.1525,1724
-522.004,44.6969,1725
-522.031,45.1185,1726
-522.079,45.5837,1727
-522.145,46.1622,1728
-522.282,46.608,1729
-522.282,46.608,1729
-522.302,47.7309,1731
-522.186,48.1649,1732
-522.479,48.5828,1733
-522.529,49.6143,1735
-522.529,50.0364,1736
-522.529,50.0364,1736
-522.809,50.5057,1737
-523.099,51.7095,1739
-523.099,51.7095,1739
-522.958,51.924,1740
-523.128,52.7122,1741
-523.014,53.0153,1742
-523.131,53.4727,1743
-523.065,54.4668,1745
-523.065,54.4668,1745
-522.986,55.4398,1747
-522.986,55.4398,1747
-523.047,56.0465,1748
-522.937,56.2801,1749
-523.172,57.5375,1751
-523.172,57.5375,1751
-523.023,57.9386,1752
-523.118,58.3968,1753
-523.184,59.0448,1754
-523.228,59.6138,1755
-523.221,59.5488,1756
-523.05,59.9216,1757
-523.014,59.883,1758
-522.826,60.0118,1759
-522.834,60.2317,1760
-522.179,60.4031,1762
-521.656,60.463,1763
-520.959,60.5179,1764
-519.986,60.2596,1766
-520.408,60.5158,1765
-519.986,60.2596,1766
-519.156,60.2495,1768
-518.414,60.2416,1769
-517.888,60.2413,1770
-517.396,60.2504,1771
-518.414,60.2416,1769
-519.986,60.2596,1766
-520.408,60.5158,1765
-519.986,60.2596,1766
-516.86,60.2638,1772
-517.396,60.2504,1771
-512.372,60.293,1781
-513.552,60.3755,1779
-512.911,60.3181,1780
-511.952,60.5246,1782
-511.952,60.5246,1782
-511.452,60.2749,1783
-510.738,60.2989,1784
-510.25,60.324,1785
-510.071,60.5704,1786
-509.541,60.6287,1787
-508.851,60.7076,1788
-508.35,60.7199,1789
-507.87,60.7234,1790
-507.87,60.7234,1790
-506.952,60.722,1792
-506.212,60.7317,1793
-505.804,60.7453,1794
-505.358,60.76,1795
-504.839,60.7764,1796
-504.372,60.7817,1797
-503.96,60.7782,1798
-503.378,60.7688,1799
-502.714,60.7545,1800
-500.653,60.7163,1804
-501.8,60.7356,1802
-501.203,60.725,1803
-488.879,60.6745,1827
-500.322,60.7135,1805
-499.627,60.6978,1806
-499.627,60.6978,1806
-488.879,60.6745,1827
-488.152,60.6608,1828
-500.653,60.7163,1804
-500.322,60.7135,1805
-497.12,60.6437,1811
-496.142,60.6238,1813
-496.142,60.6238,1813
-494.167,60.6743,1817
-494.931,60.6167,1815
-494.482,60.652,1816
-491.877,60.687,1821
-493.04,60.7137,1819
-493.04,60.7137,1819
-486.524,60.6077,1832
-491.877,60.687,1821
-491.392,60.6767,1822
-491.035,60.6655,1823
-490.197,60.405,1824
-486.524,60.6077,1832
-489.742,60.659,1825
-488.879,60.6745,1827
-497.12,60.6437,1811
-487.884,60.6568,1829
-487.466,60.6426,1830
-486.826,60.6193,1831
-486.524,60.6077,1832
-486.826,60.6193,1831
-483.328,60.3558,1838
-482.373,60.6336,1840
-482.901,60.6268,1839
-483.871,60.3124,1837
-482.041,60.6298,1841
-482.041,60.6298,1841
-487.884,60.6568,1829
-482.041,60.6298,1841
-485.979,60.5885,1833
-480.431,60.3116,1844
-479.878,60.5557,1845
-482.373,60.6336,1840
-479.02,60.297,1847
-479.02,60.297,1847
-478.496,60.2928,1848
-478.496,60.2928,1848
-477.768,60.551,1850
-479.02,60.297,1847
-486.826,60.6193,1831
-479.02,60.297,1847
-479.878,60.5557,1845
-475.168,60.3004,1855
-474.681,60.2893,1856
-474.681,60.2893,1856
-473.885,60.2925,1857
-473.612,60.293,1858
-472.992,60.292,1859
-472.437,60.5293,1860
-471.051,60.2186,1863
-471.051,60.2186,1863
-470.536,60.2076,1864
-470.126,60.203,1865
-469.528,60.2064,1866
-469.027,60.2141,1867
-469.027,60.2141,1867
-468.35,60.222,1868
-468.022,60.2282,1869
-467.401,60.2397,1870
-486.826,60.6193,1831
-469.528,60.2064,1866
-466.524,60.2508,1872
-465.584,60.2614,1874
-464.915,60.2545,1875
-464.105,60.226,1877
-463.349,60.1856,1878
-463.349,60.1856,1878
-463.065,60.1818,1879
-461.901,60.1615,1881
-461.901,60.1615,1881
-461.415,60.1536,1882
-460.852,60.1471,1883
-460.565,60.145,1884
-460.565,60.145,1884
-460.072,60.1391,1885
-449.178,60.0536,1906
-460.072,60.1391,1885
-449.178,60.0536,1906
-460.072,60.1391,1885
-458.545,60.1283,1888
-407.648,59.6995,1990
-414.685,59.9377,1975
-407.648,59.6995,1990
-407.648,59.6995,1990
-454.638,60.1128,1895
-454.638,60.1128,1895
-453.698,60.1087,1897
-453.256,60.1048,1898
-452.751,60.0991,1899
-452.257,60.0918,1900
-451.777,60.0843,1901
-451.777,60.0843,1901
-450.645,60.0654,1903
-450.645,60.0654,1903
-449.442,59.7999,1905
-449.178,60.0536,1906
-449.178,60.0536,1906
-449.178,60.0536,1906
-447.837,60.0809,1909
-447.041,60.0475,1910
-447.041,60.0475,1910
-446.578,60.0241,1911
-446.199,60.0232,1912
-445.678,59.7447,1913
-444.964,59.7166,1914
-444.964,59.7166,1914
-444.015,59.7455,1916
-443.556,59.7794,1917
-443.556,59.7794,1917
-442.261,60.0715,1920
-442.261,60.0715,1920
-441.237,59.7998,1922
-441.237,59.7998,1922
-441.237,59.7998,1922
-441.237,59.7998,1922
-441.237,59.7998,1922
-438.708,60.2158,1927
-436.222,59.6826,1932
-436.222,59.6826,1932
-436.222,59.6826,1932
-435.156,59.7015,1934
-435.783,59.677,1933
-435.156,59.7015,1934
-435.783,59.677,1933
-434.545,59.7258,1935
-433.639,59.9903,1937
-433.639,59.9903,1937
-433.411,59.7364,1938
-432.663,59.7151,1939
-432.147,59.705,1940
-431.663,59.7256,1941
-431.663,59.7256,1941
-431.663,59.7256,1941
-430.871,59.992,1943
-429.097,59.6683,1947
-428.56,59.6273,1948
-428.56,59.6273,1948
-429.097,59.6683,1947
-427.967,59.6066,1949
-427.19,59.589,1950
-426.372,59.6178,1952
-428.56,59.6273,1948
-425.808,59.6296,1953
-425.314,59.6211,1954
-424.714,59.6071,1955
-424.203,59.8414,1956
-423.87,59.5961,1957
-423.87,59.5961,1957
-423.248,59.3375,1958
-423.248,59.3375,1958
-423.248,59.3375,1958
-423.87,59.5961,1957
-422.278,59.6193,1960
-420.52,59.7202,1963
-420.168,59.7365,1964
-419.61,59.7504,1965
-416.319,59.8298,1972
-419.252,59.7627,1966
-415.795,60.1019,1973
-416.319,59.8298,1972
-416.752,59.8031,1971
-416.752,59.8031,1971
-415.795,60.1019,1973
-415.188,59.9027,1974
-414.685,59.9377,1975
-414.685,59.9377,1975
-414.242,60.2333,1976
-413.699,60.3007,1978
-413.699,60.3007,1978
-414.685,59.9377,1975
-414.242,60.2333,1976
-414.685,59.9377,1975
-414.242,60.2333,1976
-413.699,60.3007,1978
-413.699,60.3007,1978
-394.807,60.3443,2017
-414.242,60.2333,1976
-382.542,60.3031,2043
-393.194,60.3835,2020
-393.194,60.3835,2020
-392.319,60.3302,2022
-391.366,60.277,2024
-391.845,60.2876,2023
-405.281,60.3357,1995
-405.281,60.3357,1995
-404.891,60.3462,1996
-405.281,60.3357,1995
-403.114,60.3734,1999
-402.766,60.3763,2000
-402.766,60.3763,2000
-401.876,60.6992,2002
-401.876,60.6992,2002
-400.256,60.2353,2006
-399.82,60.2329,2007
-399.82,60.2329,2007
-399.498,60.2323,2008
-399.093,60.24,2009
-398.239,60.2659,2010
-397.802,60.2747,2011
-397.489,60.2811,2012
-396.918,60.2924,2013
-397.489,60.2811,2012
-395.996,60.314,2015
-395.304,60.3304,2016
-394.807,60.3443,2017
-394.807,60.3443,2017
-393.729,60.384,2019
-393.194,60.3835,2020
-392.889,60.6217,2021
-392.889,60.6217,2021
-392.319,60.3302,2022
-391.845,60.2876,2023
-391.366,60.277,2024
-389.39,60.306,2028
-388.845,60.324,2029
-389.39,60.306,2028
-389.39,60.306,2028
-388.845,60.324,2029
-388.163,60.3424,2030
-387.058,60.3749,2032
-386.851,60.3777,2033
-386.129,60.4103,2034
-385.216,60.0316,2037
-385.649,60.3584,2036
-385.216,60.0316,2037
-384.384,60.2378,2039
-383.856,60.255,2040
-383.856,60.255,2040
-383.32,60.2697,2041
-382.95,60.2862,2042
-382.542,60.3031,2043
-381.414,60.3473,2045
-380.897,60.3712,2046
-380.48,60.3903,2047
-380.143,60.3899,2048
-379.6,60.401,2049
-379.6,60.401,2049
-379.192,60.4062,2050
-378.114,60.4254,2052
-378.049,60.4253,2054
-378.049,60.4253,2054
-377.867,60.4274,2053
-376.467,60.3991,2057
-375.533,60.3512,2059
-375.533,60.3512,2059
-375.011,60.306,2060
-374.57,59.9747,2061
-374.517,60.2271,2062
-374.385,60.2249,2063
-374.385,60.2249,2063
-374.141,60.2683,2065
-374.202,60.1941,2066
-374.264,60.4357,2067
-374.264,60.4357,2067
-374.171,60.5227,2068
-374.09,61.0777,2069
-374.017,61.2735,2070
-374,61.2707,2071
-374,61.2707,2071
-374.031,61.8085,2072
-373.904,61.5706,2073
-373.938,63.2952,2075
-373.938,63.2952,2075
-374.045,64.0949,2077
-374.047,64.5666,2078
-374.047,64.5666,2078
-374.075,65.1072,2079
-374.112,65.6454,2080
-374.111,67.0144,2086
-374.111,67.0144,2086
-373.858,67.5183,2085
-374.077,67.6663,2084
-373.876,68.9424,2090
-374.001,69.0285,2091
-373.992,69.3355,2092
-373.67,69.7104,2093
-373.802,71.3963,2096
-373.802,71.3963,2096
-373.752,71.7748,2097
-373.519,72.7598,2099
-373.658,72.3752,2098
-373.532,73.2892,2100
-373.567,74.0608,2101
-373.601,74.3207,2102
-373.507,75.3951,2104
-373.379,74.7909,2103
-373.574,75.9767,2105
-373.574,75.9767,2105
-373.62,76.5208,2106
-373.418,76.9891,2107
-373.502,77.6588,2108
-373.497,78.1767,2109
-373.277,78.4727,2110
-373.366,78.8495,2111
-373.135,79.3899,2112
-373.174,79.9539,2113
-373.174,79.9539,2113
-373.128,81.5839,2116
-373.045,81.6303,2117
-372.966,82.1218,2118
-372.819,82.2846,2119
-372.46,82.5105,2120
-372.209,83.0906,2121
-371.716,83.2563,2122
-370.872,83.4269,2124
-370.872,83.4269,2124
-370.42,83.51,2125
-369.536,83.8711,2127
-369.536,83.8711,2127
-368.838,83.9449,2128
-368.308,84.007,2129
-367.853,84.0627,2130
-367.853,84.0627,2130
-362.582,85.4474,2141
-365.356,84.5548,2135
-365.356,84.5548,2135
-365.004,84.8424,2136
-364.625,84.8688,2137
-363.556,85.3028,2139
-364.077,84.9462,2138
-362.582,85.4474,2141
-362.582,85.4474,2141
-362.582,85.4474,2141
-361.32,85.6432,2143
-361.32,85.6432,2143
-361.162,85.91,2144
-360.702,85.9641,2145
-359.539,86.1117,2147
-359.539,86.1117,2147
-358.877,86.1927,2148
-357.986,86.5849,2150
-357.986,86.5849,2150
-357.986,86.5849,2150
-357.451,86.6083,2151
-356.004,86.8845,2154
-355.279,86.5908,2155
-355.279,86.5908,2155
-354.807,86.5692,2156
-354.436,86.5584,2157
-354.098,86.8097,2158
-353.401,86.5298,2159
-352.938,86.5147,2160
-352.587,86.5094,2161
-352.05,86.4974,2162
-351.577,86.4856,2163
-351.019,86.4691,2164
-350.543,86.2028,2165
-350.131,86.4398,2166
-349.338,86.1599,2167
-348.642,86.1394,2169
-348.642,86.1394,2169
-347.902,86.13,2170
-347.591,86.1295,2171
-346.948,86.1259,2172
-346.53,86.1214,2173
-346.065,86.1175,2174
-345.483,86.1017,2175
-344.883,86.0743,2176
-344.037,86.0377,2178
-344.037,86.0377,2178
-343.345,85.9826,2179
-342.749,85.943,2180
-342.482,85.9451,2181
-341.865,85.9069,2182
-341.305,85.6208,2183
-340.829,85.6031,2184
-340.569,85.8579,2185
-339.716,85.5945,2186
-338.874,85.5552,2188
-338.518,85.5388,2189
-338.157,85.5269,2190
-338.157,85.5269,2190
-337.548,85.5014,2191
-336.986,85.4759,2192
-336.663,85.4711,2193
-336.219,85.4513,2194
-335.488,85.422,2195
-335.182,85.4228,2196
-334.538,85.4055,2197
-333.462,85.4153,2199
-333.462,85.4153,2199
-332.579,85.4334,2201
-332.07,85.449,2202
-331.701,85.4536,2203
-331.39,85.4683,2204
-330.588,85.525,2205
-330.588,85.525,2205
-330.136,85.8054,2206
-329.553,85.8438,2207
-328.975,85.6279,2208
-328.69,85.8784,2209
-328.096,85.9184,2210
-327.614,85.9549,2211
-326.674,86.016,2213
-326.674,86.016,2213
-325.687,86.339,2215
-325.066,86.1178,2216
-323.681,86.4039,2219
-324.285,86.3882,2218
-323.681,86.4039,2219
-323.371,86.404,2220
-322.171,86.4503,2222
-322.171,86.4503,2222
-321.745,86.4637,2223
-321.745,86.4637,2223
-321.451,86.4625,2224
-320.165,86.8405,2226
-321.745,86.4637,2223
-319.623,86.616,2227
-318.865,86.9087,2229
-317.499,86.7647,2231
-317.499,86.7647,2231
-317.499,86.7647,2231
-317.499,86.7647,2231
-316.426,87.131,2233
-316.152,87.1363,2234
-315.125,87.2182,2236
-314.561,87.2575,2237
-314.561,87.2575,2237
-313.529,87.5604,2239
-313.529,87.5604,2239
-312.564,87.5666,2241
-312.564,87.5666,2241
-311.71,87.578,2243
-311.71,87.578,2243
-310.593,87.6448,2245
-310.593,87.6448,2245
-310.156,87.6608,2246
-309.417,87.7008,2248
-308.754,88.0409,2249
-308.223,88.1259,2250
-307.672,88.1987,2251
-307.672,88.1987,2251
-307.216,88.2777,2252
-306.734,88.5832,2253
-306.366,88.8633,2254
-305.321,89.0477,2256
-304.92,89.1303,2257
-304.436,89.4559,2258
-303.956,89.5219,2259
-303.394,89.5881,2260
-302.789,89.6147,2261
-302.789,89.6147,2261
-301.848,89.6626,2263
-301.848,89.6626,2263
-301.027,89.6907,2265
-300.373,89.705,2266
-300.373,89.705,2266
-299.959,89.7072,2267
-299.145,89.7112,2269
-297.446,89.9574,2272
-298.184,89.7116,2271
-297.446,89.9574,2272
-297.063,89.7039,2273
-296.609,89.6982,2274
-295.88,89.6904,2275
-295.604,89.6893,2276
-295.003,89.6805,2277
-294.291,89.6868,2278
-294.001,89.6894,2279
-292.952,89.7182,2281
-293.524,89.7033,2280
-292.42,89.7229,2282
-292.05,89.7233,2283
-290.779,89.7098,2285
-290.779,89.7098,2285
-290.278,89.7094,2286
-289.89,89.7069,2287
-289.048,89.7019,2289
-289.048,89.7019,2289
-288.43,89.701,2290
-287.997,89.7009,2291
-287.415,89.7007,2292
-287.045,89.7008,2293
-286.523,89.7041,2294
-285.896,89.7039,2295
-284.889,89.7038,2297
-284.889,89.7038,2297
-284.36,89.7042,2298
-284.017,89.7045,2299
-283.146,89.7071,2300
-282.768,89.708,2301
-282.203,89.7103,2302
-281.649,89.7135,2303
-281.347,89.7151,2304
-280.798,89.7189,2305
-280.435,89.7204,2306
-279.894,89.7242,2307
-279.894,89.7242,2307
-279.221,89.7314,2308
-277.732,89.7566,2311
-277.732,89.7566,2311
-277.732,89.7566,2311
-276.525,89.8061,2313
-276.214,89.8127,2314
-275.694,90.0932,2315
-275.283,90.0944,2316
-274.721,89.8726,2317
-274.171,89.8816,2318
-273.655,90.1494,2319
-273.342,90.1522,2320
-272.825,90.1682,2321
-272.825,90.1682,2321
-272.268,90.1851,2322
-271.715,89.9543,2323
-270.751,90.3066,2325
-270.324,90.6349,2326
-270.324,90.6349,2326
-269.909,90.7288,2327
-269.522,91.1232,2328
-268.769,91.5525,2330
-268.494,91.9175,2331
-268.494,91.9175,2331
-267.626,92.727,2333
-267.353,93.2946,2334
-267.322,93.4959,2335
-267.105,93.9877,2336
-266.908,94.5969,2337
-266.908,94.5969,2337
-266.859,94.8826,2338
-266.596,95.4628,2339
-266.515,96.0627,2340
-266.536,96.3554,2341
-266.387,98.2957,2345
-266.387,98.2957,2345
-266.387,98.2957,2345
-266.387,98.2957,2345
-266.164,99.8389,2348
-266.32,100.208,2349
-266.32,100.208,2349
-266.32,100.208,2349
-266.303,101.846,2352
-266.303,101.846,2352
-266.352,102.354,2353
-266.438,102.864,2354
-266.435,103.311,2355
-266.435,103.311,2355
-266.435,103.902,2356
-266.502,104.752,2358
-266.598,105.149,2359
-266.419,105.731,2360
-266.419,105.731,2360
-266.599,106.83,2362
-266.261,107.116,2363
-266.68,108.349,2365
-266.261,107.116,2363
-266.905,108.881,2366
-266.905,108.881,2366
-266.811,109.875,2368
-266.811,109.875,2368
-266.811,110.762,2370
-266.811,110.762,2370
-266.86,111.207,2371
-266.859,111.681,2372
-266.834,112.689,2374
-267.001,113.136,2375
-267.066,113.71,2376
-266.775,114.138,2377
-266.855,114.664,2378
-266.904,115.216,2379
-266.896,115.737,2380
-266.995,116.061,2381
-267.045,116.516,2382
-267.042,117.306,2383
-267.065,117.644,2384
-267.059,118.201,2385
-267.313,118.828,2386
-267.189,119.349,2387
-266.959,119.963,2388
-267.203,120.254,2389
-267.203,120.254,2389
-266.998,121.384,2391
-267.012,121.94,2392
-267.012,121.94,2392
-266.984,122.225,2393
-267.016,122.87,2394
-266.823,123.889,2396
-266.652,124.675,2398
-266.713,125.355,2399
-266.672,126.518,2401
-266.672,126.518,2401
-266.696,127.964,2404
-266.47,127.034,2402
-266.65,127.426,2403
-266.778,128.483,2405
-266.778,128.483,2405
-266.736,129.131,2406
-266.778,128.483,2405
-266.464,129.672,2407
-266.468,130.232,2408
-266.468,130.232,2408
-266.363,131.678,2411
-266.441,131.118,2410
-266.517,132.602,2413
-266.517,132.602,2413
-266.09,133.79,2415
-266.384,134.17,2416
-266.384,134.17,2416
-266.384,134.17,2416
-265.909,135.854,2420
-265.909,135.854,2420
-266.182,136.599,2421
-266.065,137.451,2423
-266.065,137.451,2423
-265.822,138.626,2425
-266.194,193.727,2536
-265.56,182.569,2514
-266.167,138.002,2424
-265.491,141.088,2431
-265.491,141.088,2431
-265.491,141.088,2431
-265.491,141.088,2431
-265.491,141.088,2431
-265.47,140.855,2430
-265.47,140.855,2430
-265.47,140.855,2430
-265.47,140.855,2430
-265.47,140.855,2430
-265.802,143.937,2436
-265.802,143.937,2436
-266.242,144.92,2438
-266.322,146.044,2440
-266.414,147.3,2443
-266.346,147.633,2444
-266.346,147.633,2444
-266.346,147.633,2444
-266.346,147.633,2444
-266.628,148.88,2446
-266.774,149.31,2447
-266.682,149.851,2448
-266.628,148.88,2446
-266.682,149.851,2448
-266.994,151.365,2451
-266.875,150.852,2450
-266.994,151.365,2451
-266.854,151.89,2452
-267.155,152.899,2454
-266.682,149.851,2448
-266.628,148.88,2446
-267.387,155.026,2458
-267.262,155.333,2459
-267.318,155.865,2460
-267.318,155.865,2460
-267.131,156.406,2461
-267.131,156.406,2461
-267.104,156.99,2462
-266.982,157.325,2463
-266.555,158.985,2466
-266.555,158.985,2466
-266.786,159.449,2467
-266.786,159.449,2467
-266.505,159.925,2468
-266.265,160.535,2469
-266.318,160.775,2470
-266.318,160.775,2470
-266.171,162.834,2474
-266.176,161.855,2472
-266.184,162.478,2473
-265.506,163.664,2476
-266.094,164.399,2477
-266.094,164.399,2477
-265.964,164.761,2478
-265.83,165.307,2479
-266.119,166.053,2480
-266.086,166.577,2481
-265.767,167.178,2482
-265.761,168.06,2484
-265.532,168.035,2485
-265.664,168.619,2486
-265.588,169.292,2487
-265.588,169.292,2487
-265.656,171.558,2492
-265.656,171.558,2492
-265.656,171.558,2492
-266.35,171.446,2491
-265.903,170.789,2490
-266.09,173.342,2495
-266.09,173.342,2495
-266.289,173.88,2496
-266.289,173.88,2496
-266.337,174.603,2497
-266.127,174.891,2498
-266.051,175.412,2499
-266.075,175.808,2500
-265.894,176.877,2502
-265.772,177.137,2503
-265.9,177.695,2504
-265.996,178.149,2505
-265.996,178.149,2505
-266.294,178.936,2506
-265.992,179.259,2507
-265.992,179.259,2507
-265.676,179.861,2508
-266.092,180.769,2510
-266.092,180.769,2510
-266.092,180.769,2510
-265.721,182.94,2515
-265.721,182.94,2515
-265.56,182.569,2514
-265.56,182.569,2514
-265.809,185.959,2521
-265.906,184.428,2518
-266.022,185.01,2519
-266.031,185.508,2520
-266.031,185.508,2520
-265.899,187.452,2524
-265.899,187.452,2524
-265.899,187.452,2524
-266.081,189.059,2527
-266.088,190.049,2529
-265.87,189.443,2528
-266.088,190.049,2529
-266.037,190.586,2530
-266.034,191.072,2531
-266.149,191.766,2532
-266.077,192.319,2533
-266.035,192.679,2534
-266.104,192.956,2535
-266.104,192.956,2535
-266.194,193.727,2536
-266.372,194.639,2538
-266.461,194.965,2539
-266.229,195.628,2540
-266.251,195.976,2541
-266.251,195.976,2541
-266.303,196.677,2542
-266.169,197.56,2544
-266.266,198.13,2545
-266.371,198.459,2546
-266.371,198.459,2546
-266.484,199.002,2547
-266.602,199.982,2549
-266.602,199.982,2549
-266.598,200.451,2550
-266.66,200.977,2551
-266.712,201.559,2552
-266.874,201.946,2553
-266.985,203.07,2555
-267.001,203.592,2556
-267.147,204.09,2557
-267.243,204.834,2558
-267.243,204.834,2558
-267.246,205.042,2559
-267.369,205.751,2560
-267.488,206.003,2561
-267.693,206.398,2562
-267.924,207.086,2563
-289.524,247.814,2655
-266.194,193.727,2536
-279.206,231.188,2616
-289.746,248.1,2656
-279.206,231.188,2616
-268.926,211.427,2572
-268.563,210.1,2569
-268.331,208.919,2567
-268.563,210.1,2569
-267.693,206.398,2562
-267.369,205.751,2560
-268.331,208.919,2567
-268.589,210.556,2570
-269.445,212.375,2574
-269.445,212.375,2574
-269.884,213.368,2576
-270.115,213.724,2577
-268.589,210.556,2570
-268.589,210.556,2570
-270.115,213.724,2577
-270.455,214.938,2579
-271.075,216.256,2582
-271.227,216.61,2583
-271.469,216.977,2584
-271.227,216.61,2583
-268.563,210.1,2569
-266.874,201.946,2553
-267.369,205.751,2560
-266.874,201.946,2553
-267.693,206.398,2562
-272.561,219.556,2589
-273.209,221.712,2594
-273.543,222.386,2595
-273.543,222.386,2595
-273.543,222.386,2595
-273.209,221.712,2594
-273.543,222.386,2595
-273.543,222.386,2595
-273.846,222.768,2596
-273.846,222.768,2596
-273.897,223.103,2597
-274.159,223.51,2598
-274.579,224.494,2600
-275.568,225.554,2603
-275.762,226.242,2604
-275.039,225.144,2602
-276.549,227.511,2607
-276.016,226.569,2605
-276.19,226.929,2606
-276.016,226.569,2605
-276.19,226.929,2606
-276.603,227.627,2608
-276.927,228.057,2609
-277.332,228.691,2610
-278.033,229.849,2613
-278.857,230.722,2615
-278.857,230.722,2615
-279.206,231.188,2616
-278.857,230.722,2615
-279.209,231.607,2617
-279.209,231.607,2617
-279.209,231.607,2617
-279.515,231.976,2618
-280.304,232.828,2620
-281.371,235.024,2625
-279.935,232.439,2619
-280.726,234.12,2623
-281.371,235.024,2625
-281.017,234.407,2624
-282.675,236.785,2629
-282.675,236.785,2629
-282.675,236.785,2629
-283.225,238.343,2632
-283.71,238.501,2633
-283.71,238.501,2633
-282.801,237.123,2630
-267.693,206.398,2562
-267.924,207.086,2563
-288.322,245.631,2650
-283.084,237.611,2631
-285.437,240.965,2639
-285.437,240.965,2639
-285.316,241.444,2640
-285.922,241.999,2641
-289.19,246.971,2653
-289.524,247.814,2655
-290.413,248.9,2658
-293.881,255.703,2673
-289.524,247.814,2655
-288.674,246.234,2652
-287.487,244.367,2647
-287.487,244.367,2647
-287.776,244.857,2648
-288.46,245.903,2651
-288.46,245.903,2651
-288.674,246.234,2652
-289.19,246.971,2653
-289.2,247.439,2654
-289.2,247.439,2654
-289.524,247.814,2655
-289.524,247.814,2655
-290.413,248.9,2658
-290.413,248.9,2658
-291.272,250.043,2660
-291.305,250.533,2661
-291.583,250.858,2662
-291.583,250.858,2662
-291.583,250.858,2662
-293.007,252.993,2667
-293.007,252.993,2667
-293.007,252.993,2667
-293.007,252.993,2667
-293.007,252.993,2667
-293.007,252.993,2667
-293.3,253.528,2668
-293.881,255.703,2673
-293.881,255.703,2673
-294.105,256.151,2674
-294.105,256.151,2674
-294.683,257.567,2677
-294.86,257.975,2678
-294.683,257.567,2677
-295.175,259.153,2680
-295.175,259.153,2680
-295.507,259.965,2682
-295.507,259.965,2682
-295.64,260.311,2683
-295.692,260.889,2684
-295.545,261.385,2685
-295.659,262.465,2687
-295.659,262.465,2687
-295.672,263.548,2689
-295.991,264.014,2690
-295.991,264.014,2690
-296.06,264.935,2692
-296.084,266.248,2695
-296.032,265.94,2694
-296.032,265.94,2694
-296.084,266.248,2695
-295.852,266.814,2696
-295.971,267.373,2697
-295.974,268.508,2699
-295.974,268.508,2699
-296.036,268.82,2700
-295.99,269.902,2702
-295.99,269.902,2702
-295.99,269.902,2702
-295.932,270.177,2703
-295.923,271.505,2705
-295.918,271.807,2706
-295.912,272.904,2708
-295.92,272.609,2707
-295.912,272.904,2708
-295.803,274.391,2711
-295.744,274.089,2710
-295.803,274.391,2711
-295.726,274.901,2712
-295.726,274.901,2712
-295.609,275.439,2713
-295.817,277.08,2716
-295.817,277.08,2716
-295.824,277.626,2717
-295.587,279.054,2720
-295.582,279.536,2721
-295.582,279.536,2721
-295.531,280.15,2722
-295.531,280.15,2722
-295.55,280.978,2724
-295.717,281.991,2726
-295.717,281.991,2726
-296.013,282.5,2727
-296.013,282.5,2727
-296.065,283.046,2728
-296.179,283.516,2729
-296.29,284.268,2730
-296.385,285.187,2732
-296.425,285.437,2733
-296.615,285.894,2734
-296.615,285.894,2734
-296.831,286.547,2735
-297.175,287.363,2737
-297.373,287.744,2738
-297.711,288.353,2739
-297.812,288.721,2740
-298.062,289.168,2741
-298.223,289.732,2742
-298.223,289.732,2742
-298.49,290.141,2743
-298.774,290.582,2744
-299.089,290.91,2745
-299.665,291.929,2747
-299.665,291.929,2747
-299.885,292.196,2748
-300.354,292.451,2749
-300.933,292.766,2750
-301.319,293.243,2751
-302.15,293.601,2753
-302.529,294.057,2754
-302.974,294.219,2755
-302.974,294.219,2755
-303.574,294.864,2757
-304.132,295.23,2758
-304.395,295.358,2759
-304.395,295.358,2759
-304.801,295.849,2760
-305.446,296.099,2761
-306.133,296.705,2763
-306.133,296.705,2763
-306.627,296.778,2764
-307.327,296.832,2765
-307.655,297.015,2766
-308.643,297.573,2768
-309.122,297.624,2769
-309.443,297.866,2770
-309.903,297.947,2771
-310.506,298.275,2772
-310.763,298.472,2773
-310.763,298.472,2773
-311.561,298.561,2774
-311.741,298.686,2775
-312.343,298.89,2776
-313.005,299.113,2777
-313.34,299.232,2778
-313.987,299.116,2779
-314.29,299.22,2780
-314.888,299.397,2781
-315.359,299.325,2782
-317.656,300.074,2787
-318.052,300.374,2788
-317.656,300.074,2787
-317.656,300.074,2787
-318.052,300.374,2788
-318.052,300.374,2788
-320,300.267,2792
-320,300.267,2792
-320,300.267,2792
-320.656,300.383,2793
-321.023,300.495,2794
-321.496,300.638,2795
-321.496,300.638,2795
-322.146,300.778,2796
-322.665,300.581,2797
-323.637,300.594,2799
-323.637,300.594,2799
-324.643,300.65,2801
-325.27,300.69,2802
-325.765,300.716,2803
-326.138,300.718,2804
-326.61,300.699,2805
-327.163,300.65,2806
-327.729,300.588,2807
-327.729,300.588,2807
-328.153,300.538,2808
-329.008,300.439,2810
-329.419,300.418,2811
-329.997,300.403,2812
-331.312,300.632,2814
-332.461,300.339,2817
-331.312,300.632,2814
-331.973,300.609,2816
-331.973,300.609,2816
-331.973,300.609,2816
-334.583,300.266,2821
-333.565,300.171,2819
-334.056,300.093,2820
-334.583,300.266,2821
-335.154,300.197,2822
-335.649,300.129,2823
-335.855,300.096,2824
-336.426,300.026,2825
-337.642,299.91,2827
-338.087,299.869,2828
-338.087,299.869,2828
-338.72,299.828,2829
-338.851,299.81,2830
-340.057,299.735,2832
-340.619,299.7,2833
-341.007,299.921,2834
-341.4,299.895,2835
-341.4,299.895,2835
-342.4,299.784,2837
-342.4,299.784,2837
-343.287,299.385,2839
-343.287,299.385,2839
-343.946,299.552,2840
-344.853,299.43,2842
-345.288,299.342,2843
-345.288,299.342,2843
-345.288,299.342,2843
-345.712,299.214,2844
-347.461,298.783,2847
-347.746,298.949,2848
-348.36,298.793,2849
-348.901,298.619,2850
-349.186,298.472,2851
-349.856,298.487,2852
-350.456,298.23,2853
-350.456,298.23,2853
-350.864,298.002,2854
-351.104,297.849,2855
-351.63,297.621,2856
-351.63,297.621,2856
-352.12,297.689,2857
-353.025,297.521,2859
-353.362,297.336,2860
-353.778,297.027,2861
-354.369,296.892,2862
-354.987,296.773,2863
-355.822,296.143,2865
-356.139,295.885,2866
-356.57,295.885,2867
-357.139,295.566,2868
-357.681,295.536,2869
-358.004,295.363,2870
-358.358,295.182,2871
-358.95,294.913,2872
-359.207,294.977,2873
-359.963,294.62,2874
-359.963,294.62,2874
-360.633,294.166,2876
-361.241,294.118,2877
-361.74,293.825,2878
-361.92,293.682,2879
-362.576,293.621,2880
-363.112,293.347,2881
-363.482,293.383,2882
-363.953,293.103,2883
-363.953,293.103,2883
-364.84,292.729,2885
-364.84,292.729,2885
-364.289,293.124,2884
-353.778,297.027,2861
-366.154,292.15,2888
-366.572,291.895,2889
-367.273,291.989,2890
-367.338,292.006,2891
-367.338,292.006,2891
-367.732,292.114,2892
-367.888,292.213,2893
-368.292,292.246,2894
-368.345,292.372,2895
-368.366,292.538,2896
-368.585,292.595,2897
-368.544,292.773,2898
-368.544,292.773,2898
-363.196,295.473,2913
-368.292,292.246,2894
-356.139,295.885,2866
-353.362,297.336,2860
-343.287,299.385,2839
-365.547,292.228,2887
-365.547,292.228,2887
-365.547,292.228,2887
-365.547,292.228,2887
-365.164,295.018,2909
-366.572,291.895,2889
-364.234,295.354,2911
-363.399,295.471,2912
-363.399,295.471,2912
-363.399,295.471,2912
-363.399,295.471,2912
-362.455,295.586,2914
-361.872,295.873,2916
-361.176,296.012,2917
-361.054,296.227,2918
-360.334,296.361,2919
-360.004,296.408,2920
-359.613,296.683,2921
-358.784,296.83,2922
-358.687,296.821,2923
-357.984,296.953,2924
-357.604,297.004,2925
-357.604,297.004,2925
-357.604,297.004,2925
-357.984,296.953,2924
-355.677,297.605,2929
-355.371,297.928,2930
-354.879,298.018,2931
-354.365,298.062,2932
-354.365,298.062,2932
-353.877,298.092,2933
-353.877,298.092,2933
-351.928,298.106,2937
-351.928,298.106,2937
-351.477,298.395,2938
-350.515,298.52,2940
-349.936,298.579,2941
-349.936,298.579,2941
-349.671,298.58,2942
-349.157,298.885,2943
-348.686,298.652,2944
-348.255,298.923,2945
-347.601,298.963,2946
-346.728,299.056,2948
-345.805,299.182,2949
-345.491,299.445,2950
-345.491,299.445,2950
-345.048,299.473,2951
-344.475,299.488,2952
-343.963,299.492,2953
-343.963,299.492,2953
-342.484,299.496,2956
-342.484,299.496,2956
-341.93,299.525,2957
-341.545,299.559,2958
-340.94,299.608,2959
-340.416,299.649,2960
-339.611,299.967,2962
-339.072,299.988,2963
-339.072,299.988,2963
-338.548,299.991,2964
-338.27,299.99,2965
-337.65,299.987,2966
-337.024,299.99,2967
-336.528,300.003,2968
-335.692,300.325,2970
-335.692,300.325,2970
-335.185,300.127,2971
-334.728,300.126,2972
-334.154,300.376,2973
-333.703,300.126,2974
-333.303,300.375,2975
-332.725,300.369,2976
-332.168,300.372,2977
-332.168,300.372,2977
-331.722,300.37,2978
-331.343,300.371,2979
-330.817,300.126,2980
-329.741,300.4,2982
-329.327,300.415,2983
-328.728,300.443,2984
-328.728,300.443,2984
-327.784,300.49,2986
-327.248,300.772,2987
-326.93,300.781,2988
-326.255,300.799,2989
-326.255,300.799,2989
-324.955,300.784,2992
-324.955,300.784,2992
-324.421,300.527,2993
-321.91,300.494,2998
-321.91,300.494,2998
-322.301,300.77,2997
-322.301,300.77,2997
-322.796,300.777,2996
-319.565,300.329,3002
-320.779,300.399,3000
-320.779,300.399,3000
-320.779,300.399,3000
-320.779,300.399,3000
-320.779,300.399,3000
-318.301,300.034,3005
-318.301,300.034,3005
-318.301,300.034,3005
-318.301,300.034,3005
-318.301,300.034,3005
-318.301,300.034,3005
-315.28,299.438,3011
-315.28,299.438,3011
-314.953,299.382,3012
-314.391,299.06,3013
-313.883,299.016,3014
-312.721,298.942,3016
-312.721,298.942,3016
-312.235,298.632,3017
-311.658,298.568,3018
-311.271,298.515,3019
-311.012,298.493,3020
-310.458,298.419,3021
-309.966,298.043,3022
-309.966,298.043,3022
-309.06,297.593,3024
-308.176,297.185,3026
-307.611,297.059,3027
-307.611,297.059,3027
-307.106,296.97,3028
-306.816,296.65,3029
-305.811,296.458,3031
-305.419,296.124,3032
-304.938,295.708,3033
-304.504,295.503,3034
-304.504,295.503,3034
-303.91,294.828,3036
-302.96,294.387,3038
-302.752,294.105,3039
-302.752,294.105,3039
-302.752,294.105,3039
-302.752,294.105,3039
-300.955,292.748,3043
-300.955,292.748,3043
-300.261,292.184,3045
-300.583,292.592,3044
-300.261,292.184,3045
-299.658,291.857,3046
-299.427,291.62,3047
-298.985,291.031,3048
-298.88,290.668,3049
-298.061,289.426,3052
-297.955,289.185,3053
-297.878,288.381,3054
-297.878,288.381,3054
-297.878,288.381,3054
-297.285,287.219,3057
-297.087,286.679,3058
-297.087,286.679,3058
-296.835,286.177,3059
-296.606,285.573,3060
-296.606,285.573,3060
-296.239,284.953,3062
-296.239,284.953,3062
-296.107,284.378,3063
-296.005,283.246,3065
-296.005,283.246,3065
-295.799,283.051,3066
-295.799,283.051,3066
-295.702,281.022,3070
-295.702,281.022,3070
-295.702,281.022,3070
-295.678,280.181,3072
-295.708,279.531,3073
-295.628,278.958,3074
-295.776,278.469,3075
-295.774,278.254,3076
-295.774,278.254,3076
-295.776,278.469,3075
-295.728,276.531,3079
-295.759,276.216,3080
-295.759,276.216,3080
-295.709,275.681,3081
-295.709,275.681,3081
-295.834,273.651,3085
-295.9,272.633,3087
-295.719,275.188,3082
-295.834,273.651,3085
-295.9,272.633,3087
-295.834,273.651,3085
-295.795,270.631,3091
-295.795,270.631,3091
-295.73,270.895,3090
-295.795,270.631,3091
-295.855,269.017,3094
-295.9,266.101,3100
-295.877,265.647,3101
-295.907,266.616,3099
-295.876,267.532,3097
-295.85,268.567,3095
-295.85,268.567,3095
-295.877,265.647,3101
-295.9,266.101,3100
-295.877,265.647,3101
-295.799,264.549,3103
-295.734,262.763,3106
-295.579,261.629,3109
-295.579,261.93,3108
-295.579,261.93,3108
-295.579,261.629,3109
-295.952,262.4,3107
-295.952,262.4,3107
-295.768,263.391,3105
-295.39,260.653,3111
-295.219,259.477,3113
-295.09,258.668,3115
-294.834,258.174,3116
-294.671,257.805,3117
-294.671,257.805,3117
-294.665,257.37,3118
-294.363,256.474,3120
-293.862,255.664,3122
-293.612,254.976,3123
-293.612,254.976,3123
-293.612,254.976,3123
-293.862,255.664,3122
-292.73,253.349,3127
-292.73,253.349,3127
-292.751,252.813,3128
-292.404,252.245,3129
-291.928,251.864,3130
-291.928,251.864,3130
-291.928,251.864,3130
-291.439,250.952,3132
-291.003,250.169,3134
-290.433,249.591,3136
-290.773,249.759,3135
-290.223,249.041,3137
-290.223,249.041,3137
-289.952,248.642,3138
-289.653,248.07,3139
-289.566,247.777,3140
-288.965,247.062,3141
-288.763,246.77,3142
-288.763,246.77,3142
-288.615,246.382,3143
-287.759,245.418,3146
-287.759,245.418,3146
-287.235,244.376,3148
-287.235,244.376,3148
-287.235,244.376,3148
-286.658,243.419,3150
-286.658,243.419,3150
-286.541,243.052,3151
-286.342,242.755,3152
-285.932,241.787,3154
-285.567,241.401,3155
-285.465,240.989,3156
-285.002,240.658,3157
-284.774,240.247,3158
-284.261,239.275,3160
-284.261,239.275,3160
-284.112,238.904,3161
-283.591,238.128,3163
-283.591,238.128,3163
-283.049,237.382,3165
-282.776,237.027,3166
-282.393,236.649,3167
-282.225,236.231,3168
-282.225,236.231,3168
-281.874,235.687,3169
-281.667,235.273,3170
-281.472,234.978,3171
-281.179,234.654,3172
-280.826,234.093,3173
-280.538,233.581,3174
-280.239,233.015,3175
-279.886,232.467,3176
-279.523,231.971,3178
-279.241,231.567,3179
-279.241,231.567,3179
-278.856,231.005,3180
-278.582,230.609,3181
-278.433,230.306,3182
-277.992,229.699,3183
-277.795,229.541,3184
-277.583,229.152,3185
-277.017,228.167,3187
-276.759,227.954,3188
-276.759,227.954,3188
-276.445,227.377,3189
-276.445,227.377,3189
-276.013,226.627,3191
-275.694,225.988,3192
-275.186,225.238,3194
-275.186,225.238,3194
-274.987,224.846,3195
-274.987,224.846,3195
-274.374,224.183,3197
-274.143,223.582,3198
-273.923,222.94,3199
-273.874,222.648,3200
-273.699,222.077,3201
-273.694,221.734,3202
-273.247,221.173,3203
-272.605,220.379,3205
-272.567,219.777,3206
-272.567,219.777,3206
-272.567,219.777,3206
-272.567,219.777,3206
-271.723,217.794,3210
-271.852,218.409,3209
-271.723,217.794,3210
-271.339,216.721,3213
-271.339,216.721,3213
-271.081,216.097,3214
-270.829,215.966,3215
-270.563,215.339,3216
-270.494,214.996,3217
-270.147,214.451,3218
-269.979,213.406,3220
-269.948,213.896,3219
-269.979,213.406,3220
-269.76,212.839,3221
-269.627,212.271,3222
-269.186,211.865,3223
-269.043,211.639,3224
-268.939,211.191,3225
-268.703,210.692,3226
-268.584,210.135,3227
-268.537,209.804,3228
-268.424,209.176,3229
-268.278,208.636,3230
-268.037,207.781,3231
-267.675,207.267,3233
-267.643,206.989,3234
-267.413,206.398,3235
-267.413,206.398,3235
-267.175,205.614,3237
-266.974,204.285,3239
-267.147,203.818,3240
-267.147,203.818,3240
-267.147,203.818,3240
-267.014,203.277,3241
-266.743,202.783,3242
-266.911,202.365,3243
-266.655,201.878,3244
-266.579,201.323,3245
-266.513,200.186,3247
-266.467,199.6,3248
-266.679,199.246,3249
-266.459,198.926,3250
-266.48,198.47,3251
-266.507,197.817,3252
-266.507,197.817,3252
-266.522,196.73,3254
-266.522,196.73,3254
-266.181,196.229,3255
-266.181,196.229,3255
-266.155,195.266,3257
-266.137,194.979,3258
-266.288,194.395,3259
-266.137,194.979,3258
-265.845,193.007,3262
-265.864,192.488,3263
-265.864,192.488,3263
-265.845,191.97,3264
-265.71,191.28,3265
-265.778,190.939,3266
-265.685,190.425,3267
-265.675,189.849,3268
-265.65,189.322,3269
-265.65,189.322,3269
-265.723,188.228,3271
-265.588,187.71,3272
-265.588,187.71,3272
-265.661,186.798,3274
-265.726,186.097,3275
-265.726,186.097,3275
-265.8,185.272,3277
-265.684,184.752,3278
-265.925,183.739,3280
-265.925,183.739,3280
-265.925,183.739,3280
-265.821,182.368,3283
-265.858,181.824,3284
-265.858,181.824,3284
-265.929,181.395,3285
-265.912,180.921,3286
-266.059,180.363,3287
-265.749,179.606,3288
-266.059,180.363,3287
-265.912,180.921,3286
-265.586,178.985,3290
-265.939,177.549,3293
-265.939,177.549,3293
-266.217,177.026,3294
-266.217,177.026,3294
-266.217,177.026,3294
-265.707,176.252,3295
-265.923,174.739,3299
-265.923,174.739,3299
-265.833,174.179,3300
-265.833,174.179,3300
-265.861,173.615,3301
-265.775,173.113,3302
-265.805,172.688,3303
-265.805,172.688,3303
-265.939,171.105,3306
-265.939,171.105,3306
-267.641,156.421,3336
-265.939,171.105,3306
-265.99,166.335,3316
-266.116,165.533,3317
-265.987,168.422,3311
-265.987,168.422,3311
-266.001,167.787,3313
-265.924,165.055,3318
-265.924,165.055,3318
-266.116,165.533,3317
-266.116,165.533,3317
-266.116,165.533,3317
-265.967,163.16,3322
-265.967,163.16,3322
-266.148,162.653,3323
-265.967,163.16,3322
-266.162,160.383,3327
-266.162,160.383,3327
-266.162,160.383,3327
-266.199,161.18,3326
-266.459,158.521,3331
-266.815,157.649,3333
-266.815,157.649,3333
-266.322,160.194,3328
-267.345,155.971,3337
-267.641,156.421,3336
-267.641,156.421,3336
-266.707,157.399,3334
-267.299,156.874,3335
-267.299,156.874,3335
-267.641,156.421,3336
-267.345,155.971,3337
-267.232,154.426,3341
-267.232,154.426,3341
-267.159,155.482,3339
-267.156,155.168,3340
-266.843,150.437,3349
-266.849,151.622,3346
-266.712,151.248,3347
-266.712,151.248,3347
-266.954,150.914,3348
-266.843,150.437,3349
-266.815,149.859,3350
-266.813,149.296,3351
-266.815,149.859,3350
-266.387,147.902,3354
-266.442,147.502,3355
-266.442,147.502,3355
-266.436,96.6305,3458
-266.436,96.6305,3458
-266.436,96.6305,3458
-266.129,145.112,3360
-266.162,144.495,3361
-266.417,97.2097,3457
-266.827,95.0079,3461
-266.719,94.5547,3462
-266.709,95.5617,3460
-266.759,113.348,3425
-265.586,142.199,3366
-265.995,140.959,3369
-265.647,141.27,3368
-265.647,141.27,3368
-265.995,140.959,3369
-265.865,140.26,3370
-265.865,140.26,3370
-267.098,111.761,3428
-266.587,129.685,3392
-266.587,129.685,3392
-266.587,129.685,3392
-266.587,129.685,3392
-265.409,137.316,3376
-265.879,135.876,3379
-266.604,135.245,3380
-266.433,134.778,3381
-266.433,134.778,3381
-266.601,132.583,3386
-266.005,133.849,3383
-266.601,132.583,3386
-266.601,132.583,3386
-266.601,132.583,3386
-266.42,132.167,3387
-266.601,132.583,3386
-266.42,132.167,3387
-266.547,131.027,3389
-266.587,129.685,3392
-266.492,129.049,3393
-266.492,129.049,3393
-266.533,128.269,3394
-266.352,127.966,3395
-266.521,126.498,3398
-266.521,126.498,3398
-266.573,127.003,3397
-266.795,125.092,3401
-266.882,124.615,3402
-266.882,124.615,3402
-266.834,123.756,3404
-266.882,124.615,3402
-266.92,122.73,3406
-266.716,122.142,3407
-266.86,120.351,3411
-266.8,121.347,3409
-266.839,120.795,3410
-266.839,120.795,3410
-267.145,119.4,3413
-267.145,119.4,3413
-267.145,119.4,3413
-267.145,119.4,3413
-267.156,117.92,3416
-267.086,117.439,3417
-267.146,116.834,3418
-267.146,116.834,3418
-267.264,116.498,3419
-266.814,115.321,3421
-267.035,114.85,3422
-267.035,114.85,3422
-266.759,113.348,3425
-266.764,112.786,3426
-266.764,112.786,3426
-266.764,112.786,3426
-267.061,112.212,3427
-267.099,111.206,3429
-267.012,110.878,3430
-266.964,110.265,3431
-266.964,110.265,3431
-266.4,109.534,3432
-266.696,109.356,3433
-266.498,108.797,3434
-266.414,108.333,3435
-266.414,108.333,3435
-266.858,106.817,3438
-266.858,106.817,3438
-266.789,106.356,3439
-266.789,106.356,3439
-266.122,104.662,3442
-266.306,104.279,3443
-266.306,104.279,3443
-266.263,103.199,3445
-266.551,102.628,3446
-266.551,102.628,3446
-266.496,102.09,3447
-266.364,101.764,3448
-266.257,101.237,3449
-266.189,100.652,3450
-266.477,100.342,3451
-266.249,99.7646,3452
-266.252,99.272,3453
-266.206,98.7722,3454
-266.206,98.7722,3454
-266.343,97.7204,3456
-266.417,97.2097,3457
-266.436,96.6305,3458
-266.436,96.6305,3458
-266.709,95.5617,3460
-266.709,95.5617,3460
-266.827,95.0079,3461
-266.719,94.5547,3462
-267.121,94.2055,3463
-267.065,93.6758,3464
-267.316,93.2513,3465
-267.481,92.9541,3466
-267.481,92.9541,3466
-268.259,92.1117,3468
-269.066,91.1917,3470
-269.405,91.0605,3471
-269.946,90.8959,3472
-270.37,90.5555,3473
-270.37,90.5555,3473
-270.37,90.5555,3473
-270.37,90.5555,3473
-270.37,90.5555,3473
-270.37,90.5555,3473
-271.18,90.3992,3475
-272.198,90.1301,3477
-274.962,90.0146,3483
-275.531,90.0058,3484
-272.562,90.0706,3478
-274.516,90.0204,3482
-276.967,90.1289,3487
-276.554,90.2037,3486
-275.802,90,3485
-275.531,90.0058,3484
-279.458,89.7883,3492
-279.883,89.7913,3493
-279.883,89.7913,3493
-280.459,89.8247,3494
-279.883,89.7913,3493
-279.458,89.7883,3492
-279.458,89.7883,3492
-279.458,89.7883,3492
-279.458,89.7883,3492
-279.458,89.7883,3492
-284.166,90.024,3502
-284.093,90.0403,3501
-284.093,90.0403,3501
-283.277,90.0993,3500
-283.005,90.1044,3499
-283.005,90.1044,3499
-291.112,89.7042,3516
-287.01,89.793,3508
-287.567,90.0557,3509
-287.01,89.793,3508
-287.01,89.793,3508
-288.434,89.783,3510
-288.815,89.9915,3511
-288.815,89.9915,3511
-288.815,89.9915,3511
-289.846,89.8345,3513
-290.525,89.7509,3514
-291.112,89.7042,3516
-291.992,89.71,3517
-292.31,89.7262,3518
-291.992,89.71,3517
-292.31,89.7262,3518
-292.696,89.7533,3519
-293.079,89.7765,3520
-293.079,89.7765,3520
-294.857,89.8645,3523
-294.857,89.8645,3523
-295.499,89.8522,3524
-296.317,89.83,3526
-296.317,89.83,3526
-297.226,89.8098,3528
-297.226,89.8098,3528
-297.807,89.795,3529
-298.445,89.7767,3530
-298.823,89.76,3531
-299.668,89.7215,3533
-299.668,89.7215,3533
-300.179,89.7016,3534
-300.613,89.6844,3535
-300.613,89.6844,3535
-302.721,89.7021,3539
-300.179,89.7016,3534
-303.079,89.6799,3540
-303.576,89.5649,3541
-304.052,89.3933,3542
-304.606,89.4524,3543
-304.606,89.4524,3543
-304.606,89.4524,3543
-304.606,89.4524,3543
-306.289,88.9509,3547
-304.606,89.4524,3543
-308.334,88.0489,3551
-308.334,88.0489,3551
-308.334,88.0489,3551
-308.334,88.0489,3551
-308.576,87.9294,3552
-311.304,87.6881,3557
-309.919,87.8967,3555
-313.142,87.3312,3561
-309.919,87.8967,3555
-312.66,87.4003,3560
-312.66,87.4003,3560
-312.66,87.4003,3560
-313.142,87.3312,3561
-313.142,87.3312,3561
-313.142,87.3312,3561
-314.475,87.2424,3563
-315.222,87.1939,3564
-315.741,87.1502,3566
-315.741,87.1502,3566
-315.741,87.1502,3566
-315.412,87.171,3565
-318.445,86.7994,3571
-318.445,86.7994,3571
-318.445,86.7994,3571
-319.024,86.9648,3572
-319.024,86.9648,3572
-320.39,86.838,3575
-320.39,86.838,3575
-321.52,86.9506,3577
-321.681,86.6385,3578
-322.602,86.4106,3580
-322.602,86.4106,3580
-323.083,86.2987,3581
-323.083,86.2987,3581
-323.874,86.2157,3583
-324.646,86.4501,3584
-325.25,86.4343,3585
-325.728,86.3907,3586
-326.011,86.339,3587
-326.642,86.1909,3588
-326.642,86.1909,3588
-327.473,85.9744,3590
-327.961,85.8424,3591
-328.923,85.6686,3593
-328.923,85.6686,3593
-329.303,85.6477,3594
-329.881,85.8952,3595
-330.469,85.8828,3596
-331.169,85.8024,3597
-331.401,85.7332,3598
-331.658,85.653,3599
-332.831,85.3575,3601
-333.383,85.2517,3602
-333.383,85.2517,3602
-333.674,85.4659,3603
-334.473,85.2037,3604
-334.713,85.4674,3605
-335.346,85.254,3606
-336.243,85.4095,3608
-336.243,85.4095,3608
-337.487,85.635,3610
-337.487,85.635,3610
-337.862,85.6926,3611
-338.493,85.7253,3612
-339.406,85.7525,3614
-339.406,85.7525,3614
-339.916,85.763,3615
-339.406,85.7525,3614
-341.327,85.2907,3618
-341.327,85.2907,3618
-341.327,85.2907,3618
-343.702,86.1766,3623
-343.702,86.1766,3623
-343.702,86.1766,3623
-343.702,86.1766,3623
-343.702,86.1766,3623
-343.702,86.1766,3623
-344.511,86.2559,3624
-345.015,86.2621,3625
-345.842,86.0092,3627
-346.686,86.0303,3629
-346.686,86.0303,3629
-347.306,86.0981,3630
-348.644,86.3233,3633
-348.644,86.3233,3633
-348.972,86.3758,3634
-349.628,86.2108,3635
-350.279,86.5563,3636
-350.81,86.3905,3637
-351.383,86.4537,3638
-351.642,86.4805,3639
-352.212,86.7683,3640
-352.212,86.7683,3640
-353.167,86.5833,3642
-353.496,86.6092,3643
-354.054,86.6636,3644
-354.375,86.71,3645
-355.01,86.7821,3646
-355.524,86.8267,3647
-356.025,86.8484,3648
-356.564,87.0475,3649
-357.279,86.5356,3651
-357.279,86.5356,3651
-357.279,86.5356,3651
-358.36,86.1495,3653
-358.36,86.1495,3653
-359.057,85.8547,3655
-359.595,85.7884,3656
-360.145,85.7224,3657
-361.296,85.8283,3659
-361.529,85.3805,3660
-361.529,85.3805,3660
-362.108,85.2902,3661
-362.548,84.9912,3662
-363.149,84.8952,3663
-363.149,84.8952,3663
-363.149,84.8952,3663
-364.008,84.5258,3665
-364.425,84.1598,3666
-365.028,83.4233,3668
-364.582,83.8794,3667
-364.582,83.8794,3667
-367.807,82.2812,3674
-367.41,82.7535,3673
-367.41,82.7535,3673
-367.41,82.7535,3673
-367.807,82.2812,3674
-367.807,82.2812,3674
-369.038,81.3377,3677
-369.268,80.8988,3678
-369.611,80.6611,3679
-369.611,80.6611,3679
-369.896,80.0542,3680
-370.469,79.2389,3682
-370.739,78.9446,3683
-371.01,78.5649,3684
-371.161,78.1791,3685
-371.284,77.7019,3686
-371.178,77.2075,3687
-371.26,76.7818,3688
-371.351,76.3003,3689
-371.434,75.8546,3690
-371.518,75.3022,3691
-371.563,74.8081,3692
-371.559,74.3589,3693
-371.321,73.8424,3694
-371.395,73.3437,3695
-371.71,72.5768,3696
-371.736,72.5603,3697
-371.754,71.854,3698
-371.742,71.3003,3699
-371.688,70.9949,3700
-371.671,70.1927,3701
-371.661,69.9231,3702
-371.645,69.3944,3703
-371.889,69.1007,3704
-371.639,68.1023,3705
-371.573,68.3362,3706
-371.616,67.7594,3707
-371.674,67.2447,3708
-371.617,66.7772,3709
-371.638,66.1504,3721
-371.712,64.0168,3725
-371.702,65.3061,3723
-371.712,64.0168,3725
-371.745,63.7482,3726
-371.615,60.8168,3732
-371.615,60.8168,3732
-371.847,62.0919,3729
-371.847,62.0919,3729
-371.842,61.276,3730
-371.731,61.695,3731
-371.615,60.8168,3732
-371.615,60.8168,3732
-371.615,60.8168,3732
-371.615,60.8168,3732
-371.55,60.1814,3733
-371.289,59.7741,3734
-370.902,59.5257,3735
-370.671,59.1274,3736
-370.229,58.6325,3737
-369.909,58.6043,3738
-370.902,59.5257,3735
-363.228,57.8946,3751
-370.229,58.6325,3737
-370.229,58.6325,3737
-366.634,83.0238,3671
-343.291,58.9762,3797
-366.029,83.0523,3670
-336.51,58.1813,3812
-336.51,58.1813,3812
-336.017,58.2023,3813
-336.017,58.2023,3813
-336.51,58.1813,3812
-336.51,58.1813,3812
-336.51,58.1813,3812
-336.51,58.1813,3812
-335.178,58.4748,3815
-338.268,58.1608,3809
-338.268,58.1608,3809
-338.268,58.1608,3809
-336.51,58.1813,3812
-350.621,59.1977,3781
-356.3,59.54,3768
-350.621,59.1977,3781
-350.621,59.1977,3781
-352.526,59.5668,3777
-354.138,59.9632,3773
-354.138,59.9632,3773
-349.298,59.7914,3784
-352.526,59.5668,3777
-354.138,59.9632,3773
-354.138,59.9632,3773
-354.138,59.9632,3773
-354.138,59.9632,3773
-352.526,59.5668,3777
-352.526,59.5668,3777
-352.526,59.5668,3777
-352.526,59.5668,3777
-352.526,59.5668,3777
-351.226,59.1686,3780
-350.621,59.1977,3781
-350.621,59.1977,3781
-349.848,59.5244,3783
-349.298,59.7914,3784
-349.298,59.7914,3784
-348.389,59.5186,3786
-348.389,59.5186,3786
-345.229,59.3942,3793
-344.805,59.0608,3794
-345.71,59.4679,3792
-345.71,59.4679,3792
-345.71,59.4679,3792
-344.186,58.9761,3795
-344.186,58.9761,3795
-343.727,59.2059,3796
-343.727,59.2059,3796
-343.291,58.9762,3797
-342.988,59.2883,3798
-342.988,59.2883,3798
-342.986,59.253,3799
-341.967,58.8646,3801
-341.967,58.8646,3801
-340.952,58.721,3803
-339.031,58.2237,3807
-339.031,58.2237,3807
-338.431,58.1468,3808
-336.51,58.1813,3812
-336.017,58.2023,3813
-340.952,58.721,3803
-341.448,58.7697,3802
-336.51,58.1813,3812
-335.748,58.1994,3814
-335.748,58.1994,3814
-334.593,58.252,3816
-333.849,58.5386,3818
-333.849,58.5386,3818
-333.18,58.3031,3819
-333.18,58.3031,3819
-332.333,58.2666,3821
-331.847,58.2458,3822
-331.847,58.2458,3822
-331.187,58.1963,3823
-330.746,58.1533,3824
-330.746,58.1533,3824
-330.122,58.1038,3825
-330.122,58.1038,3825
-330.122,58.1038,3825
-330.746,58.1533,3824
-326.291,57.5464,3833
-334.373,58.2594,3817
-329.164,57.7714,3827
-329.164,57.7714,3827
-325.43,57.5212,3835
-325.43,57.5212,3835
-325.43,57.5212,3835
-322.164,58.1174,3841
-322.164,58.1174,3841
-322.164,58.1174,3841
-322.164,58.1174,3841
-321.244,57.8269,3843
-321.244,57.8269,3843
-319.067,57.7373,3848
-319.893,57.7791,3846
-319.334,57.756,3847
-319.067,57.7373,3848
-317.753,57.6854,3850
-316.57,57.6865,3853
-318.451,57.7028,3849
-317.603,57.689,3851
-316.794,57.6871,3852
-316.57,57.6865,3853
-315.997,57.6824,3854
-315.538,57.6759,3855
-314.955,57.6626,3856
-314.955,57.6626,3856
-314.451,57.6456,3857
-313.067,57.604,3860
-313.067,57.604,3860
-312.55,57.5837,3861
-310.631,57.5687,3865
-309.138,57.5743,3868
-311.646,57.3209,3863
-310.631,57.5687,3865
-309.803,57.5716,3867
-309.803,57.5716,3867
-309.138,57.5743,3868
-308.65,57.5752,3869
-307.572,57.5792,3871
-307.572,57.5792,3871
-307.03,57.5825,3872
-306.616,57.5865,3873
-305.745,57.3431,3875
-305.745,57.3431,3875
-305.226,57.5976,3876
-304.396,57.6021,3878
-304.396,57.6021,3878
-303.928,57.5994,3879
-302.921,57.5874,3881
-302.608,57.5824,3882
-302.608,57.5824,3882
-301.958,57.5689,3883
-300.452,57.2983,3886
-300.987,57.5579,3885
-300.987,57.5579,3885
-299.884,57.2898,3887
-299.884,57.2898,3887
-299.03,57.2797,3889
-297.894,57.2644,3891
-298.368,57.2701,3890
-297.402,57.5084,3892
-296.774,57.2517,3893
-295.679,57.2361,3895
-293.852,57.2176,3899
-296.167,57.2419,3894
-295.679,57.2361,3895
-294.286,57.4735,3898
-293.852,57.2176,3899
-293.276,57.4583,3900
-292.785,57.2026,3901
-292.474,57.1982,3902
-291.675,57.1878,3903
-288.582,57.183,3909
-289.733,57.1856,3907
-289.733,57.1856,3907
-289.258,57.1843,3908
-286.875,57.1638,3913
-286.875,57.1638,3913
-288.001,57.431,3910
-286.875,57.1638,3913
-288.582,57.183,3909
-288.001,57.431,3910
-286.243,57.1519,3914
-285.909,57.1451,3915
-285.34,57.1354,3916
-284.278,57.108,3918
-284.278,57.108,3918
-283.536,57.1049,3919
-283.088,56.8642,3920
-282.609,56.874,3921
-283.088,56.8642,3920
-281.55,57.1437,3923
-280.464,57.1611,3925
-280.464,57.1611,3925
-279.802,57.1668,3927
-279.046,57.1771,3928
-278.622,57.1796,3929
-278.622,57.1796,3929
-278.207,57.183,3930
-277.727,57.1869,3931
-277.218,57.1876,3932
-277.218,57.1876,3932
-275.938,57.1745,3935
-275.938,57.1745,3935
-274.438,57.1365,3938
-275.108,57.156,3937
-274.438,57.1365,3938
-274.438,57.1365,3938
-266.945,56.6683,3953
-267.612,56.9849,3952
-271.43,57.0647,3944
-271.43,57.0647,3944
-271.43,57.0647,3944
-271.43,57.0647,3944
-268.077,57.0059,3951
-227.676,37.2654,4058
-227.676,37.2654,4058
-269.118,57.0239,3949
-269.118,57.0239,3949
-268.567,56.7713,3950
-266.945,56.6683,3953
-266.945,56.6683,3953
-266.326,56.6263,3954
-265.931,56.5845,3955
-264.725,56.401,3957
-264.067,56.3207,3959
-264.067,56.3207,3959
-264.067,56.3207,3959
-263.342,56.2026,3960
-259.742,54.8691,3968
-259.742,54.8691,3968
-255.295,52.8023,3978
-254.953,52.3864,3979
-227.676,37.2654,4058
-227.737,37.8168,4057
-227.676,37.2654,4058
-227.879,38.7769,4055
-227.676,37.2654,4058
-227.879,38.7769,4055
-255.295,52.8023,3978
-254.953,52.3864,3979
-227.737,37.8168,4057
-227.879,38.7769,4055
-227.879,38.7769,4055
-227.879,38.7769,4055
-227.879,38.7769,4055
-227.879,38.7769,4055
-227.737,37.8168,4057
-227.737,37.8168,4057
-254.953,52.3864,3979
-255.295,52.8023,3978
-259.265,54.4887,3969
-260.584,55.2912,3966
-249.74,47.9738,3997
-248.482,47.8742,3999
-250.965,48.1143,3994
-250.965,48.1143,3994
-250.965,48.1143,3994
-250.627,48.0681,3995
-250.965,48.1143,3994
-250.965,48.1143,3994
-248.962,47.8972,3998
-248.482,47.8742,3999
-248.962,47.8972,3998
-248.482,47.8742,3999
-248.962,47.8972,3998
-247.794,47.8539,4001
-247.053,47.8203,4002
-247.053,47.8203,4002
-246.197,47.7924,4004
-246.197,47.7924,4004
-245.401,47.7723,4006
-245.401,47.7723,4006
-244.097,47.7283,4008
-243.665,47.7141,4009
-243.364,47.7164,4010
-242.624,47.4536,4011
-242.397,47.4517,4012
-241.818,47.4458,4013
-241.403,47.4402,4014
-242.397,47.4517,4012
-240.418,47.428,4016
-239.537,47.4178,4018
-239.537,47.4178,4018
-237.977,47.3993,4021
-237.977,47.3993,4021
-236.905,47.3864,4023
-236.905,47.3864,4023
-236.489,47.381,4024
-236.489,47.381,4024
-235.657,47.3708,4025
-235.482,47.3702,4026
-234.994,47.3649,4027
-234.434,47.3576,4028
-233.759,47.3494,4029
-233.35,47.0879,4030
-227.965,17.6837,4122
-228.094,17.4722,4129
-247.053,47.8203,4002
-228.283,17.3286,4116
-228.094,17.4722,4129
-228.094,17.4722,4129
-228.094,17.4722,4129
-228.094,17.4722,4129
-229.653,46.0304,4038
-229.653,46.0304,4038
-228.094,17.4722,4129
-228.094,17.4722,4129
-227.966,17.6832,4121
-227.965,17.6837,4122
-227.966,17.6832,4121
-227.676,37.2654,4058
-227.737,37.8168,4057
-228.179,42.2848,4048
-228.229,18.2908,4114
-229.116,45.756,4039
-229.066,45.4522,4040
-227.363,36.1105,4060
-228.332,43.1492,4046
-228.332,43.1492,4046
-227.865,39.3017,4054
-227.879,38.7769,4055
-228.259,41.6511,4049
-228.332,43.1492,4046
-228.332,43.1492,4046
-228.179,42.2848,4048
-228.024,41.3712,4050
-228.024,41.3712,4050
-228.205,40.3208,4051
-228.122,40.2493,4052
-228.122,40.2493,4052
-228.122,40.2493,4052
-227.865,39.3017,4054
-227.865,39.3017,4054
-228.139,39.7228,4053
-228.139,39.7228,4053
-228.205,40.3208,4051
-227.205,35.9881,4061
-227.647,36.8016,4059
-227.647,36.8016,4059
-227.205,35.9881,4061
-227.879,38.7769,4055
-227.472,34.1039,4064
-227.214,34.8427,4063
-227.472,34.1039,4064
-227.323,33.8436,4065
-227.266,33.3953,4066
-227.212,31.7047,4069
-227.244,31.3292,4070
-227.372,30.672,4071
-227.485,30.2489,4072
-227.485,30.2489,4072
-227.485,30.2489,4072
-227.603,29.7446,4073
-227.317,29.4051,4074
-227.737,37.8168,4057
-227.737,37.8168,4057
-227.498,27.0039,4079
-227.909,20.0179,4093
-227.828,25.8969,4081
-227.556,25.4656,4082
-227.962,18.9844,4112
-228.181,18.4605,4113
-227.478,24.5378,4084
-227.533,23.0034,4087
-227.533,23.0034,4087
-227.737,22.3483,4088
-227.862,21.8363,4089
-227.841,21.1242,4091
-227.841,21.1242,4091
-227.909,20.0179,4093
-228.054,19.3222,4111
-227.886,19.7936,4110
-228.229,18.2908,4114
-228.229,18.2908,4114
-228.229,18.2908,4114
-228.229,18.2908,4114
-228.013,16.8764,4131
-227.843,16.2683,4132
-227.875,16.0542,4133
-227.788,15.5571,4134
-227.817,15.0443,4135
-227.817,15.0443,4135
-227.981,13.8717,4137
-227.771,13.4355,4138
-227.938,13.1754,4139
-227.901,11.0527,4143
-227.901,11.0527,4143
-228.073,10.4619,4144
-227.901,11.0527,4143
-227.901,11.0527,4143
-227.901,11.0527,4143
-228.073,10.4619,4144
-227.901,11.0527,4143
-228.044,9.67554,4146
-228.055,8.13678,4149
-228.021,7.09675,4151
-228.021,7.09675,4151
-228.13,6.82799,4152
-228.065,6.23385,4153
-227.955,5.19251,4155
-227.955,5.19251,4155
-228.116,3.79384,4157
-228.116,3.79384,4157
-228.116,3.79384,4157
-228.036,3.57789,4158
-228.116,3.79384,4157
-228.25,2.71089,4160
-227.966,1.67183,4162
-227.966,1.67183,4162
-227.966,1.67183,4162
-228.1,0.470491,4164
-228.134,0.0229775,4165
-228.162,-0.228795,4166
-228.046,-1.35817,4168
-228.176,-1.81158,4169
-228.189,-2.87641,4171
-228.189,-2.87641,4171
-228.189,-2.87641,4171
-228.328,-4.40057,4174
-228.328,-4.40057,4174
-228.382,-4.99034,4175
-228.418,-5.45737,4176
-228.397,-5.96815,4177
-228.45,-6.46251,4178
-228.242,-11.0958,4187
-228.267,-7.93938,4181
-228.111,-8.36985,4182
-228.198,-8.89405,4183
-228.209,-10.0231,4185
-228.209,-10.0231,4185
-228.209,-10.0231,4185
-228.148,-10.5637,4186
-228.242,-11.0958,4187
-228.271,-11.3524,4188
-228.249,-12.383,4190
-228.249,-12.383,4190
-228.297,-12.8961,4191
-228.318,-13.4129,4192
-228.38,-14.2254,4194
-228.38,-14.2254,4194
-228.38,-14.2254,4194
-228.454,-15.3378,4196
-227.962,18.9844,4112
-227.962,18.9844,4112
-228.197,-3.81798,4173
-228.474,-17.1812,4199
-228.501,-17.7487,4201
-228.276,-18.3331,4202
-228.276,-18.3331,4202
-228.454,-19.7919,4205
-228.244,-19.2163,4204
-228.454,-19.7919,4205
-228.431,-20.3733,4206
-228.44,-21.2339,4208
-228.496,-21.5771,4209
-228.547,-22.1711,4210
-228.69,-22.826,4211
-228.638,-23.2032,4212
-228.638,-23.2032,4212
-228.591,-24.7736,4215
-228.591,-24.7736,4215
-228.591,-24.7736,4215
-228.591,-24.7736,4215
-228.703,-26.3815,4218
-228.387,-26.8205,4219
-228.483,-27.2674,4220
-228.588,-27.786,4221
-228.621,-28.1002,4222
-228.718,-28.6239,4223
-228.571,-29.1464,4224
-228.526,-30.244,4226
-228.526,-30.244,4226
-228.554,-30.5866,4227
-228.554,-30.5866,4227
-228.619,-32.1665,4230
-228.619,-32.1665,4230
-228.619,-32.1665,4230
-228.586,-31.1207,4228
-228.619,-32.1665,4230
-228.727,-32.4027,4231
-228.642,-32.7535,4232
-228.642,-32.7535,4232
-228.481,-33.3017,4233
-228.481,-33.3017,4233
-228.481,-33.3017,4233
-228.481,-33.3017,4233
-220.938,-37.0249,4252
-226.9,-34.9247,4238
-227.007,-34.6856,4237
-227.007,-34.6856,4237
-226.376,-35.2299,4239
-226.376,-35.2299,4239
-226.376,-35.2299,4239
-226.376,-35.2299,4239
-220.938,-37.0249,4252
-220.248,-38.4637,4258
-220.248,-38.4637,4258
-222.548,-36.507,4247
-224.507,-35.9802,4243
-192.693,-39.4781,4314
-191.964,-39.4766,4315
-191.643,-39.4768,4316
-191.218,-39.4771,4317
-212.218,-39.1622,4274
-218.834,-38.7714,4261
-204.533,-39.2306,4290
-220.938,-37.0249,4252
-223.013,-36.4594,4246
-218.834,-38.7714,4261
-216.843,-38.8367,4265
-216.209,-39.0942,4266
-215.918,-39.0976,4267
-214.675,-39.1304,4269
-214.187,-39.1394,4270
-215.918,-39.0976,4267
-215.415,-38.8607,4268
-215.415,-38.8607,4268
-212.775,-38.9063,4273
-225.53,-35.7346,4241
-224.953,-35.9064,4242
-224.953,-35.9064,4242
-224.507,-35.9802,4243
-224.507,-35.9802,4243
-212.218,-39.1622,4274
-209.368,-39.1997,4280
-222.548,-36.507,4247
-208.376,-39.2112,4282
-193.11,-39.2295,4313
-192.693,-39.4781,4314
-208.376,-39.2112,4282
-205.869,-39.2283,4287
-205.869,-39.2283,4287
-205.011,-39.2299,4289
-205.869,-39.2283,4287
-204.533,-39.2306,4290
-203.891,-39.2318,4291
-205.011,-39.2299,4289
-202.925,-39.2322,4293
-202.539,-39.2326,4294
-215.918,-39.0976,4267
-215.918,-39.0976,4267
-200.928,-39.2376,4297
-200.342,-39.2387,4298
-163.376,-38.9839,4373
-199.035,-39.2397,4301
-205.869,-39.2283,4287
-198.615,-39.2396,4302
-205.011,-39.2299,4289
-204.533,-39.2306,4290
-198.615,-39.2396,4302
-189.027,-39.4784,4321
-197.607,-39.238,4304
-195.12,-39.2335,4309
-193.11,-39.2295,4313
-192.693,-39.4781,4314
-208.376,-39.2112,4282
-193.11,-39.2295,4313
-206.764,-39.2276,4285
-191.964,-39.4766,4315
-218.834,-38.7714,4261
-191.218,-39.4771,4317
-190.722,-39.4775,4318
-218.834,-38.7714,4261
-189.531,-39.2285,4320
-189.027,-39.4784,4321
-225.89,-35.4029,4240
-188.662,-39.4779,4322
-221.42,-36.7335,4251
-220.248,-38.4637,4258
-143.729,-38.7947,4413
-220.248,-38.4637,4258
-143.065,-38.8015,4414
-186.724,-39.4747,4326
-142.446,-38.7992,4416
-198.615,-39.2396,4302
-220.248,-38.4637,4258
-220.248,-38.4637,4258
-227.007,-34.6856,4237
-221.123,-37.1385,4254
-219.895,-38.5873,4259
-220.249,-38.1777,4257
-186.724,-39.4747,4326
-220.248,-38.4637,4258
-185.22,-39.218,4329
-144.857,-38.7818,4411
-193.11,-39.2295,4313
-191.964,-39.4766,4315
-220.722,-37.8031,4256
-173.885,-39.0877,4352
-150.557,-38.8503,4399
-198.615,-39.2396,4302
-177.077,-39.1403,4346
-176.46,-39.1317,4347
-205.011,-39.2299,4289
-180.065,-39.1759,4340
-220.249,-38.1777,4257
-220.249,-38.1777,4257
-220.938,-37.0249,4252
-173.043,-39.3247,4354
-173.043,-39.3247,4354
-173.043,-39.3247,4354
-215.415,-38.8607,4268
-143.729,-38.7947,4413
-145.372,-38.7712,4410
-220.248,-38.4637,4258
-145.372,-38.7712,4410
-144.857,-38.7818,4411
-143.065,-38.8015,4414
-168.343,-38.9883,4363
-142.446,-38.7992,4416
-189.027,-39.4784,4321
-141.279,-38.8049,4418
-180.985,-39.1849,4338
-167.825,-38.9837,4365
-137.867,-38.8135,4425
-163.06,-39.2476,4374
-163.06,-39.2476,4374
-163.862,-38.9649,4372
-163.376,-38.9839,4373
-163.06,-39.2476,4374
-162.424,-39.0254,4375
-118.974,-39.1541,4463
-141.279,-38.8049,4418
-155.352,-39.2807,4389
-160.648,-39.3354,4379
-159.907,-39.3683,4380
-159.456,-39.3706,4381
-137.867,-38.8135,4425
-137.867,-38.8135,4425
-163.06,-39.2476,4374
-144.857,-38.7818,4411
-162.424,-39.0254,4375
-161.75,-39.0566,4376
-163.06,-39.2476,4374
-162.424,-39.0254,4375
-160.648,-39.3354,4379
-154.366,-38.9868,4391
-153.928,-38.9712,4392
-153.509,-38.9604,4393
-137.867,-38.8135,4425
-137.867,-38.8135,4425
-137.867,-38.8135,4425
-137.867,-38.8135,4425
-137.867,-38.8135,4425
-137.867,-38.8135,4425
-137.867,-38.8135,4425
-137.867,-38.8135,4425
-137.867,-38.8135,4425
-137.867,-38.8135,4425
-137.867,-38.8135,4425
-137.867,-38.8135,4425
-137.867,-38.8135,4425
-145.714,-38.7663,4409
-145.714,-38.7663,4409
-145.372,-38.7712,4410
-145.372,-38.7712,4410
-144.857,-38.7818,4411
-143.729,-38.7947,4413
-143.729,-38.7947,4413
-143.065,-38.8015,4414
-133.883,-39.0581,4433
-133.883,-39.0581,4433
-134.408,-38.81,4432
-142.446,-38.7992,4416
-137.867,-38.8135,4425
-143.729,-38.7947,4413
-137.867,-38.8135,4425
-137.867,-38.8135,4425
-143.065,-38.8015,4414
-137.867,-38.8135,4425
-137.867,-38.8135,4425
-137.867,-38.8135,4425
-137.867,-38.8135,4425
-137.867,-38.8135,4425
-137.867,-38.8135,4425
-137.867,-38.8135,4425
-137.867,-38.8135,4425
-142.446,-38.7992,4416
-169.648,-39.0145,4361
-145.372,-38.7712,4410
-144.857,-38.7818,4411
-137.867,-38.8135,4425
-137.867,-38.8135,4425
-137.867,-38.8135,4425
-137.867,-38.8135,4425
-137.867,-38.8135,4425
-137.867,-38.8135,4425
-137.867,-38.8135,4425
-134.408,-38.81,4432
-137.867,-38.8135,4425
-143.729,-38.7947,4413
-137.867,-38.8135,4425
-137.867,-38.8135,4425
-137.867,-38.8135,4425
-137.867,-38.8135,4425
-137.867,-38.8135,4425
-126.449,-39.0541,4448
-137.867,-38.8135,4425
-137.867,-38.8135,4425
-137.867,-38.8135,4425
-137.867,-38.8135,4425
-137.867,-38.8135,4425
-137.867,-38.8135,4425
-137.867,-38.8135,4425
-137.867,-38.8135,4425
-137.867,-38.8135,4425
-137.867,-38.8135,4425
-137.867,-38.8135,4425
-137.867,-38.8135,4425
-137.867,-38.8135,4425
-137.867,-38.8135,4425
-137.867,-38.8135,4425
-137.867,-38.8135,4425
-137.867,-38.8135,4425
-137.867,-38.8135,4425
-137.867,-38.8135,4425
-137.867,-38.8135,4425
-137.867,-38.8135,4425
-137.867,-38.8135,4425
-137.867,-38.8135,4425
-142.527,-38.8021,4415
-142.527,-38.8021,4415
-137.867,-38.8135,4425
-137.867,-38.8135,4425
-137.867,-38.8135,4425
-137.867,-38.8135,4425
-137.867,-38.8135,4425
-137.867,-38.8135,4425
-137.867,-38.8135,4425
-144.857,-38.7818,4411
-137.867,-38.8135,4425
-137.867,-38.8135,4425
-137.867,-38.8135,4425
-137.867,-38.8135,4425
-137.867,-38.8135,4425
-137.867,-38.8135,4425
-137.867,-38.8135,4425
-137.867,-38.8135,4425
-137.867,-38.8135,4425
-137.867,-38.8135,4425
-137.867,-38.8135,4425
-137.867,-38.8135,4425
-137.867,-38.8135,4425
-137.867,-38.8135,4425
-137.867,-38.8135,4425
-137.867,-38.8135,4425
-137.867,-38.8135,4425
-137.867,-38.8135,4425
-137.867,-38.8135,4425
-52.6978,-39.7096,4599
-52.6978,-39.7096,4599
-141.853,-38.8034,4417
-141.279,-38.8049,4418
-140.762,-38.8075,4419
-52.8697,-38.7188,4601
-52.8697,-38.7188,4601
-137.867,-38.8135,4425
-52.7036,-39.2312,4600
-52.8697,-38.7188,4601
-52.8697,-38.7188,4601
-52.8697,-38.7188,4601
-52.8697,-38.7188,4601
-52.8697,-38.7188,4601
-91.158,-39.1716,4519
-112.542,-39.1898,4476
-90.7429,-39.1672,4520
-52.8697,-38.7188,4601
-52.7195,-38.1958,4602
-100.643,-39.2071,4500
-100.643,-39.2071,4500
-99.5702,-39.1997,4502
-52.8697,-38.7188,4601
-65.8215,-40.891,4570
-67.9859,-40.6349,4566
-52.7036,-39.2312,4600
-52.7036,-39.2312,4600
-66.7451,-40.8291,4568
-66.5331,-40.8258,4569
-66.7451,-40.8291,4568
-67.9859,-40.6349,4566
-67.3823,-40.729,4567
-67.3823,-40.729,4567
-89.0892,-39.1443,4523
-60.6428,-41.4091,4581
-80.7395,-39.3346,4540
-79.7123,-39.3545,4542
-79.7123,-39.3545,4542
-50.6366,-22.3494,4636
-50.5664,-23.3106,4634
-50.5664,-23.3106,4634
-50.6542,-21.8249,4637
-50.6542,-21.8249,4637
-98.7387,-39.1978,4504
-76.167,-39.6507,4549
-75.7544,-39.4067,4550
